PK_CAD,RAZAO_SOCIAL,FANTASIA
4,000,"CONECSUL COM. I. E. DE COMP. ELET. LTDA","CONECSUL COM. I. E. DE COMP. ELET. LTDA"
2031,000,"REDE ATACADAO DOS MOVEIS","ATACADAO DOS MOVEIS"
1653,000,"TELECAM COMUNICAÇÃO COM SEGURANÇA","TELECAM"
2191,000,"BANCO DO BRASIL","BANCO DO BRASIL"
19,000,"FERRAMENTAS GERAIS COM. IMP. S/A","FERRAMENTAS GERAIS - FG"
2199,000,"GAUCHA DISTRIBUIDORA DE INFORMATICA LTDA","GAÚCHA INFORMÁTICA"
2332,000,"TRAMONTINA TEEC S.A.","TRAMONTINA"
1076,000,"CONCEPA TRIUNFO RS  SEM PARAR","CONCEPA"
1898,000,"CGL - CASA DAS GAXETAS IND E COM LTDA","CGL - CASA DAS GAXETAS"
71,000,"EMEL MATERIAL ELÉTRICO S/A","EMEL"
1008,000,"BANCO CAIXA ECONOMICA FEDERAL","CAIXA ECONOMICA"
1365,000,"SERRARIA LANSINS LTDA","SERRARIA LANSINS LTDA"
83,000,"THYSSENKRUPP ELEVADORES S/A 07 - PE","THYSSEN - RECIFE"
2090,000,"ELEVATO MATERIAIS DE CONSTRUCAO E DECORACAO LTDA","ELEVATO"
2256,000,"PALACIO DAS FERRAMENTAS E PARAFUSOS LTDA","PALACIO DAS FERRAMENTAS"
112,000,"THYSSENKRUPP ELEVADORES S/A 05 - DF","THYSSEN - BRASILIA"
184,000,"BR TRONIC ELETRONICA LTDA","BR TRONIC"
2257,000,"HOPEGRAF IMPORTACAO EXPORTACAO E COMERCIO LTDA",
232,000,"LOGMASTER TECNOLOGIA LTDA","LOGMASTER - UPS - SIGRANE"
1899,000,"SCHNEIDER ELECTRIC BRASIL LTDA","TELEMECANIQUE"
1701,000,"JMX IPORTAÇÃO E COMERCIO LTDA - ME","LOJA MUNDI"
249,000,"THYSSENKRUPP ELEVADORES S/A","THYSSEN - GUAIBA"
263,000,"LUMA EQUIP. E SERV.  COMBATE A INCENDIO","LUMA EXTINTORES"
2258,000,"MATRI INDUSTRIA METALURGICA LTDA.","MATRIFIOS LUCRO PREZUMIDO"
1774,000,"MVX COMERCIO ELETRONICO LTDA","MVX"
311,000,"TE CONNECTIVITY BRASIL INDUSTRIA DE ELETRONICOS LTDA","TYCO - TE CONECTIVITY"
318,000,"ALENCASTRO E RODRIGUES LTDA ME","EVEREST ELETRO ELETRONICA"
1534,000,"MOUSER","MOUSER"
1851,000,"VERA T. B. MONTEIRO","ACRICENTER"
2154,000,"ELETRIC BOX",
2014,000,"REUNIDAS TRANSPORTADORA","REUNIDAS TRANSPORTADORA"
1013,000,"TELEFONICA BRASIL S.A","VIVO"
1943,000,"DARF 5993 IRPJ",
2101,000,"CREA CONS REG DE ENGENHARIA E AGRON DO RS","CREA"
383,000,"COFIBAM INDÚSTRIA E COM.DE FIOS E CABOS","COFIBAM"
2396,000,"ROBOTER IN",
420,000,"MATRIFIOS FABRICACAO DE MATRIZES LTDA ME","MATRIFIOS"
426,000,"ELSTER MEDICAO DE ENERGIA LTDA",""
428,000,"JANONI RIBEIRO LEMOS EPP","JR COMERCIAL DE ACO"
436,000,"MECAL BRAS LTDA",""
448,000,"WEG EQUIPAMENTOS ELETRICOS S.A - 448","WEG AUTOMAÇÃO"
984,000,"GCE COMERCIO INTERNACIONAL DE PAPEIS LTDA","ECOQUALITY"
2139,000,"DARF 5979- PIS",
2011,000,"DMI INTERNATIONAL BUSINESS LTDA",
2126,000,"VEXILON EMBLEMAS E GRAFICOS",
464,000,"COMEXI DO BRASIL LTDA","COMEXI"
2092,000,"KONECTRIX INDUSTRIAL LTDA ME","KONECTRIX INDUSTRIAL LTDA ME"
964,000,"W4 ARQUITETURA CRIATIVA LTDA - ME","W4 ARQUITETURA CRIATIVA"
516,000,"KOTEK ELETRO ELETRONICA LTDA","KOTEK"
1366,000,"HERRMANN GMBH","HERRMANN GMBH"
550,000,"MICROCONTROL ELETRONICA LTDA","MICROCONTROL"
556,000,"RIO GRANDE ENERGIA S/A","RGE"
1095,000,"CDC BRASIL DISTRIB. DE TEC. ESPECIAIS LTDA","SCANSOURCE DO BRASIL"
2249,000,"KRAUS-MULLER IND. E COMÉRCIO LTDA.","KRAUS-MULLER"
585,000,"BRASPRESS TRANSPORTES URGENTES   RS",""
2267,000,"HAZIME & COMPANHIA LTDA - EPP","HAZIME ENXOVAIS"
591,000,"PARKS SA COMUNICACOES DIGITAIS","PARKS"
1619,000,"GIOVENZANA DO BRASIL COMERCIO DE PRODUTOS ELETROMECANICOS LT","GIOVENZANA DO BRASIL"
2268,000,"TECH SHOP.COM.BR COMERCIO E SERVICOS DE INFORMATICA LTDA","TECH SHOP.COM.BR"
640,000,"DELTA FRIO INDUSTRIA DE REFRIGERACAO LTDA ME","DELTA FRIO"
661,000,"SIGHRA TECNOLOGIA EM RASTREAMENTO LTDA","SIGHRA SITEMAS INOVADORES"
2179,000," EMPRESTIMO SANTANDER",
1352,000,"SASSI PRODUTOS ELETRICOS LTDA","SASSI"
1694,000,"ALFAELECTRIC","ALFAELECTRIC"
731,000,"MRD TOOLS LTDA. - ME","MRD TOOLS"
745,000,"THYSSENKRUPP ELEVADORES S/A - RS CENTRAL SUL","THYSSEN - CENTRAL SUL"
1900,000,"ARCO PRE-MOLDADOS LTDA - ME","ARCO PRE-MOLDADOS"
1901,000,"DARF 1345",
2093,000,"MASTER TEMPER COMERCIO DE VIDROS LTDA","MASTER TEMPER COMERCIO DE VIDROS LTDA"
769,000,"WEG DRIVES & CONTROLS-AUTOMACAO LTDA - 769",""
1695,000,"GROSS AUTOMATION","GROSS AUTOMATION"
2062,000,"WDC NET",
802,000,"EDIJO FABRICACAO E COM. DE ARTEFATOS DE METAL LTDA","EDIJO"
803,000,"EDIJO FABRICACAO E COM. DE ARTEFATOS DE METAL LTDA","EDIJO"
804,000,"PAUTA DISTRIBUICAO E LOGISTICA S/A","PAUTA DISTRIBUIDORA"
806,000,"CONNECTIVE COMPONENTES ELETRONICOS LTDA","CONNECTIVE"
807,000,"MARIA ROSANE PERES DA SILVA FLORICULTURA","ROSE FLORES"
808,000,"BORTOLOTI E COSTA LTDA","OTREBOR"
809,000,"DELTA PERFILADOS LTDA","DELTA"
810,000,"DARTHEL INDÚSTRIA DE PLÁSTICOS LTDA","DARTHEL"
811,000,"TELEFONICA BRASIL LTDA",
812,000,"TELEFONICA BRASIL S.A","VIVO"
813,000,"ADAO LUIZ DE OLIVEIRA DA SILVA","COME COME"
1944,000,"DARF 2484 CSLL",
814,000,"FACI SERVICE FORNECIMENTO E MONTAGEM INDL LTDA","FACI SERVICE"
815,000,"DATATECK INDUSTRIA E COMERCIO LTDA","DATATECK FILIAL"
816,000,"ABC GUAIBA COM DE TINTAS LTDA","ABC-TINTAS"
817,000,"CONPASUL CONSTRUCAO E SERVS LTDA","CONPASUL"
818,000,"LANCHERIA FATIMA","LANCHERIA FATIMA"
1665,000,"JOSE CAMPOS BANDEIRA JUNIOR - ME","J. J. MARTELINHO DE OURO"
819,000,"MARCO POKORSKI STEFANI DESENVOLVIMENTO","ADEPT SOFTWARE DEVELOPMENT"
820,000,"MERCOBOMBA LOCACAO DE MAQ. E EQUIP. LTDA.","MERCOBOMBA"
822,000,"SOULTEC IMPORTAÇÃO E COMÉRCIO LTDA.","SOULTEC"
824,000,"EMPICARGAS SUL LTDA","EMPICARGAS"
825,000,"SYMTRONIC COMERCIO DE SISTEMAS ELETRONICOS LTDA","SYMTRONIC"
827,000,"KELLER NAUTICA LTDA","MARINA DA GONGA"
828,000,"CASA DE CARNES FIGUEIRA LTDA","CASA DE CARNE FIGUIERA"
829,000,"RICARDO PIZZARIA E RESTAURANTE LTDA","RICARDO PIZZAS E CALZONES"
830,000,"TUMELERO MATERIAIS DE CONSTRUCAO S/A","TUMELERO"
1427,000,"JULIUS S GALETO LTDA","GALETTO MAMA MIA"
831,000,"PROMO QUALITY TEXTIL LTDA EPP","PROMO QUALITY TEXTIL LTDA EPP"
832,000,"RICARDO VALENCA BARRETOS","DESENTUPIDORA PORTO ALEGRE"
834,000,"ATRIO HOTEIS S.A","ATRIO ADM. E INCORPORADORA S.A"
835,000,"IGNEZ PEREIRA E CIA LTDA","HOTEL ENSEADA ITAPEMA"
836,000,"VIAGENS CLIENTES",
837,000,"PALUDO E LEITE LTDA","BRASIL SIGN- SOLUCOES-ME"
838,000,"DORIVAL ANTUNES CORREA","ELETROCARGA CORREA"
906,000,"HYUNDAI CAOA DO BRASIL LTDA","HYUNDAI"
839,000,"DENIS E NELCI ROCHO COMERCIO DE ELETRONICOS LTDA ME","DNR IMPORTS"
840,000,"EMBALUNE  INDUSTRIA DE EMBALAGENS LTDA",
843,000,"STAR SERVICE-ORGANIZACAO EMPRESARIAL LTDA","STAR SERVICE"
844,000,"TECHNOMASTER EQUIP LTDA","TECHNOMASTER EQUIPAMENTOS LTDA"
842,000,"TRANSPORTADORA MINUANO LTDA",
846,000,"AVNET DO BRASIL LTDA","AVNET FILIAL"
847,000,"MERIDIONAL CARGAS LTDA.","MERIDIONAL CARGAS"
848,000,"CERAMICA KASPARY LTDA","CERAMICA KASPARY"
849,000,"F R DE SOUZA OLICHESKI",
1017,000,"FERRAMENTARIA DAN LTDA","FERRAMENTARIA DAN"
851,000,"RECRIS TRANSPORTES E LOGISTICA LTDA","RECRIS TRANSPORTES"
853,000,"URACH E CERVI LTDA","SANAR"
855,000,"THORNTON ELETRONICA LTDA","THORNTON INPEC ELETRONICA"
854,000,"DROGARIA MAIS ECONOMICA S.A","MAIS ECONOMICA FARMACIAS"
856,000,"DEVIT & HOFF LTDA","LIDER"
2262,000,"KLC ELETRIC CONEXÕES LTDA","KLC CONECTORES"
860,000,"TRANSPORTES PELLENZ LTDA","PELLENZ E/OU LEVA E TRAZ"
1696,000,"COMEPI S.R.L","COMEPI"
863,000,"LABORATORIO ALAC LTDA","ALAC"
862,000,"VANDERLEI LEAL DE MOURA E CIA LTDA-ME","DIVIMOBILE"
864,000,"WEG DRIVES & CONTROLS-AUTOMACAO LTDA - 864",
865,000,"D. DE O. DA CONCEICAO ME","ELETRO MAQUINA"
866,000,"REFEICOES NATURAS LTDA","NATURAS"
867,000,"EXACOMP IMPORTAÇÃO DE COMPONENTES ELETRONICOS LTDA","EXACOMP"
868,000,"LZ TRANSPORTES LTDA-ME","LZ TRANSPORTE E BASALTO"
869,000,"POLIDORA DE BASALTO PROTASIO LTDA-ME",
870,000,"BETH E ELIANE DESPACHANTES","ESCRITORIO DESPACHANTE"
871,000,"AUTOMATECH SISTEMAS DE AUTOMACAO LTDA",
872,000,"MARMORES E GRANITOS HP LTDA-ME",
873,000,"COPY MUNDI LTDA - ME","COPY"
874,000,"JOSE LAHIR BASTOS CRUZ","CLIMATECH"
875,000,"MAQ DE SOLDAR PLASTICOS ARAUJO LTDA","ARAUJO EQUIPAMENTOS DE SELAR PLASTICOS"
876,000,"ODERCO DISTRIBUIDORA DE ELETRONICOS","JARAGUA.COM.BR"
877,000,"KRAUS & NAIMER INDUSTRIA E COMERCIO LTDA","KRAUS & NAIMER"
879,000,"GUAIBACAR VEICULOS E PECAS LTDA","GUAIBACAR"
881,000,"RETIRADA DE LUCROS",
882,000,"DARF 2991  CONTRIBUIÇÃO PREVIDENCIÁRIA SOBRE RECEITA BRUTA","DARF 2991  CONTRIBUIÇÃO PREVIDENCIÁRIA SOBRE RECEITA BRUTA"
883,000,"RESTAURANTE GARFAO LTDA - EPP","GARFAO REST. E PIZZARIA"
884,000,"CHURRASCARIA KOMKA LTDA - EPP",
885,000,"VIA LUS COMÉRCIO DE LÂMPADAS LTDA","VIA LUS COMÉRCIO DE LÂMPADAS"
886,000,"SPORT CLUB ITAPUI","ITAPUI"
887,000,"N L LENS ME","LENZ REFRIGERACAO"
888,000,"IDEAL M E D EVENTOS LTDA","IDEAL EVENTOS"
889,000,"SALINE COMERCIO E TRANSPORTE LTDA - ME","POUSADA MARE MAR"
890,000,"SIGRANE INDUSTRIA, COMERCIO E IMPORTADORA LTDA-EPP","UPS SUL- SISTEMA DE ENERGIA - LOGMASTER"
893,000,"SEARA ALIMENTOS LTDA","SEARA"
895,000,"MANGO RETRO COMERCIO DE PECAS AGRICOLAS LTDA ME","MANGO RETRO"
896,000,"VR CASA DO BEBEDOURO LTDA ME","CASA DO BEBEDOURO"
898,000,"DARF 2185  MULTA APLICADA PELO SETOR ADUANEIRO - SEM REDUÇÃO","DARF 2185  MULTA APLICADA PELO SETOR ADUANEIRO - SEM REDUÇÃO"
902,000,"LUCIANA CRISTINA BORNEMANN ME","PERSONAL MOVEIS"
899,000,"CANTWELL CULLEN & COMPANY INC","CANTWELL"
901,000,"EMB AUTOMACAO COMERCIO DE FERRAMENTAS LTDA-EPP","EMB AUTOMACAO"
894,000,"NATHAN ESTRAZULAS VIEIRA ME","REDE SUL DE SERVIÇOS"
903,000,"MUNHOZ IND. E COM. DE PRE MOLDADOS LTDA  ME","COMERCIAL MUNHOZ"
907,000,"JONATAN DE SA-ME","PAPEL DE CANA"
909,000,"CIFA TEXTIL LTDA","CIFA TEXTIL"
910,000,"R S PIRES COMERCIAL LTDA. - EPP","FORELL DISTRIBUIDORA"
908,000,"EMPRESA BRASILEIRA DE CORREIOS E TELEGRAFOS","ECT - GUAIBA"
912,000,"PCI PARANA IND. CIRCUITOS IMPRESSOS","PCI"
913,000,"BORRACHAS SOLUTION COM DE PECAS E ACESS","BORRACHAS SOLUTION"
914,000,"SAINT-GOBAIN DO BRASIL PROD INDUSTRIAIS E PARA CONTRUCAO LTD","WEBER SAINT-GOBAIN"
919,000,"VIVO S.A.","VIVO"
947,000,"MULTITECNICA INSTALAÇÕES INDUSTRIAIS LTDA EPP","MULTITECNICA"
915,000,"I C A INDUSTRIA DE CONCRETO ARMADO LTDA - ME","I C A"
950,000,"KTRMOES FF IND. DE AUTO PECAS E COMP.ELETRO-ELETRONICOS LTDA","KTR"
951,000,"NATURAL LIMP EQUIPAMENTOS PARA COLETA SELETIVA EIRELI ME","NATURAL LIMP"
948,000,"MULTIENERGIA EQUIPAMENTOS INDUSTRIAIS LTDA EPP","MULTIENERGIA"
921,000,"DISHING ELECTRONICS CO LIMITED","DISHING ELECTRONICS CO LIMITED"
942,000,"RAPIFIX DO BRASIL LTDA","RAPIFIX DO BRASIL"
920,000,"SONALARME SISTEMAS ELETRONICOS LTDA-EPP","SONALAREME"
943,000,"DELMIR GRZESCZAK - ME","FUNILARIA ALFA"
955,000,"CENTRO DE EDUCACAO PRESENCIAL LAGOA SANTA LTDA","HOTEL LAGOA SANTA"
916,000,"PROAUTO PRODUTOS DE AUTOMAÇÃO LTDA","PROAUTO"
917,000,"CELIBERTO LOGISTA INTERNACIONAL LTDA","CELIBERTO"
952,000,"LOTUS MERCHANDISING DO BRASIL LTDA","LOTUS"
953,000,"RESTAURANTE ACTUAL LTDA ME","ACTUAL"
954,000,"ACTUAL HOTEL E EVENTOS LTDA","ACTUAL"
924,000,"BUREAU VERITAS DO BRASIL SOC CLAS E CERT. LTDA","BUREAU"
940,000,"LUCIANO MORAES","BIMEDICA"
918,000,"TERMATEC MAGUEIRAS E TERMINAIS HIDRAULICOS LTDA","TERMATEC"
945,000,"POWERCOM ELETRONICS LTD.","POWERCOM"
946,000,"ÁGORA MOVEIS LTDA-ME","ÁGORA MOVEIS"
957,000,"WAGO ELETROELETRÔNICOS LTDA","WAGO"
931,000,"CARGOLOG-SOLUCOES LOGISTICAS LTDA","CARGOLOG-SOLUCOES LOGISTICAS"
929,000,"TELINFOR CABOS P/ TELECOMUNICACÕES E INFORMÁTICA LTDA","TELINFOR"
925,000,"SPEROTO E CAMARGO LTDA","HOTEL BRASIL REAL"
926,000,"PATRICK DA SILVA BRAGA ME","PPC COMERCIAL"
927,000,"FERNANDO VIEIRA DOS SANTOS","MULT SERVICE"
932,000,"HOTEL REGENT SUITS LTDA ME","REGENT SUITES"
933,000,"REGENT RESTAURANTE LTDA ME","REGENT RESTAURANTE"
934,000,"NERYTON MIOTTO ME","CHURRASCARIA,REST E HOTEL MACIAMBU"
935,000,"MARIA GABRIEL FERREIRA ME","RESTAURANTE RECANTO"
936,000,"MARIA DA CONCEICAO MANGUEIRA SOUZA ME","AERO BEER GRILL"
937,000,"BAREZ LANCHONETE LTDA EPP","BAR DO JUAREZ"
930,000,"EMP. BRASILEIRA DE INFRA ESTRUTURA AEROPORTU","INFRAERO"
938,000,"AEROPORTO PIZZAS LTDA","AEROPORTO PIZZAS"
949,000,"VIVO S.A.","VIVO"
960,000,"GILNEI ROCHA DOS SANTOS- ME","G R TRANSPORTES"
965,000,"DN AUTOMACAO LTDA","DN AUTOMACAO"
961,000,"HIDROCAN EQUIP E PECAS HIDRAULICAS LTDA","HIDROCAN EQUIP E PECAS HIDRAULICAS LTDA"
958,000,"SERVICO NACIONAL DE APRENDIZAGEM","SENAC"
985,000,"SIMPLES SOLUCOES EM PINTURAS LTDA-ME","SIMPLES"
963,000,"METROLOGIA WG LTDA - EPP","WG - WORK GAGE"
986,000,"PNEUMATECH COM E MANDE FER E MAQUINAS PNEUMATICAS LTDA","PNEUMATECH PNEUMATICA"
987,000,"UNIPLAC COM DE REVESTIMENTOS E DECORACAO LTDA","UNIPLAC FORROS E DIVISORIAS"
966,000,"GASIL COMERCIO E IMPORTACAO LTDA","MULTISOM"
988,000,"VIVO S.A.","VIVO"
989,000,"CABOTHERM INDUSTRIA E COMERCIO LTDA.","CABOTHERM"
990,000,"BL MOVEIS LTDA","ELIS MOV E BAZAR"
991,000,"AMPHENOL EAST ASIA LTD","AMPHENOL"
992,000,"CABOLIDER INDÚSTRIA DE CABOS ELÉTRICOS LTDA","CABOLIDER"
993,000,"HB TRANSPORTES E LOGISTICA LTDA","TRANSITO BRASIL RS"
995,000,"HB TRANSPORTES E LOGISTICA LTDA","TRANSITO BRASIL SP"
1009,000,"NELMAR LEITE MULLER ME","MULLER COMERCIO DE FERRO"
1020,000,"DIGMOTOR EQUIPAMENTOS ELETROMECÂNICOS DIGITAIS LTDA","DIGMOTOR"
998,000,"SIND. DAS IND. METAL.RS","SINMETAL"
962,000,"CATSUL GUAIBA TRANSPORTES HIDROVIARIOS LTDA","CATSUL GUAIBA"
1014,000,"LEADER TECH INDUSTRIAL","LEADER TECH"
959,000,"SERVICO SOCIAL DA INDUSTRIA SESI","SESI SERVICOS S. DA INDUSTRIA"
1015,000,"RAFAEL NUNES RECH","ART-SUL COMERCIO E REPRESENTACAO"
973,000,"ACITEK TECNOLOGIA EM PRODUTOS LTDA","ACITEK"
1902,000,"MLF CONSULTORIA GEOTECNICA - ME","MLF GEOTECNIA"
2214,000,"DISTRIBUIDORA FERRAMENTAS KENNEDY LTDA","FERRAMENTAS KENNEDY"
974,000,"MURRELEKTRONIK DO BRASIL INDÚSTRIA E COMÉRCIO LTDA","MURR"
1016,000,"COMERCIO DE CONFECCOES BIASITTI LTDA - ME","BIASITTI CONFECCOES"
2094,000,"ELETROACO COMERCIO DE MATERIAIS DE CONSTRUCAO LTDA","ELETROACO COMERCIO DE MATERIAIS DE CONSTRUCAO LTDA"
1025,000,"TRANSEICH ASSESSORIA E TRANSPORTES S/A","CENTRO LOGISTICO EICHENBERG & TRANSEICH"
1028,000,"RODRIGO DOS SANTOS MARQUES RESTAURANTE ME","BIFFES GRILL"
1029,000,"G E C LANCHONETES LTDA EPP","PASTEL CLUB"
1010,000,"PRADO INDUSTRIA GRAFICA LTDA-EPP","BRAUCH"
1011,000,"SPRINGER CARRIER LTDA","TOTALINE"
1030,000,"BEMATECH S/A","BEMATECH"
977,000,"EUROCABOS MATERIAIS ELÉTRICOS LTDA","EUROCABOS"
1000,000,"METALURGICA LD LTDA ME","METALURGICA LD"
978,000,"CP ELETRONICA LTDA","CP ELETRONICA"
979,000,"ITECH COMERCIO, IMPORTACAO E EXPORTACAO","ITECH COMERCIO,"
2200,000,"BANCO SAFRA","BANCO SAFRA"
980,000,"JOCELIO DA SILVA ME","BRASIL PNEUS"
1026,000,"MATV SUL ELETRONICOS LTDA","MATV SUL"
1033,000,"IMPERTEC POETA IMPERMEABILIZACOES LTDA ME","IMPERTEC"
1932,000,"VIDA PRODUTOS E SERVICOS EM DESENVOLVIMENTO ECOLOGICO LTDA","VIDA DESENVOLVIMENTO ECOLOGICO"
1001,000,"POLYTECH PRODUTOS DE BORRACHA E VEDAÇÃO LTDA","POLYTECH"
1031,000,"GRAMPREGO INDUSTRIA E COMERCIO LTDA","GRAMPREGO"
1024,000,"OLIVEIRA, MARQUES E CIA LTDA","LA BARCA CAFE CLUB"
975,000,"PLASTFLOW IND. E COM. DE EQUIPAMENTOS DE MEDIÇÃO LTDA","PLASTFLOW"
1018,000,"SIDNEI MENDES DE OLIVEIRA","PERFURACAO DE VIGA"
1032,000,"J M GURGEL","LOJA DO MECANICO"
2127,000,"STOCKO CONTACT BRASIL LTDA.","STOCKO CONTACT BRASIL LTDA."
1027,000,"SOMAX AUTOMACAO E SERVICOS LTDA","SOMAX"
967,000,,
1042,000,"DANIELA ARRUDA UBER","SOLASTER"
1035,000,"DATECK COMERCIO DE ELETRO ELETRONICOS LTDA","D.ATECK"
1002,000,"CRISTIANE BARCHET PINHEIRO","CASA DOS PARAFUSOS E CIA"
1061,000,"DINES JOSE DENARDIN - ME","DJ DE NARDIN MATERIAIS FORA DE LINHA PARA CONSTRUÇÃO"
997,000,"ARROW BRASIL S.A","ARROW"
1003,000,"SPRINGER CARRIER LTDA","SPRINGER CARRIER"
968,000,"A J QUEROTTI COMERCIAL DE ROLAMENTOS LTDA ME","CASA DOS ROLAMENTOS FARRAPOS"
1951,000,"METAIS BLUMENAU","METAIS BLUMENAU"
1004,000,"WS INDUSTRIA E COMERCIO DE COMPONENTES ELETRÔNICOS LTDA","OICRAM"
1022,000,"CENOFISCO CENTRO DE CAPACITACAO PROFISSIONAL LTDA","CENOFISCO"
1560,000,"MARILIA",
1036,000,"ARCOS DOURADOS COMERCIO DE ALIMENTOS LTDA.","MC DONALD'S"
1043,000,"RETRAL RECONDICIONADORA DE ENGRENAGENS E TRATORES LTDA - ME","RETRAL"
1005,000,"FREIOS CONTROIL LTDA","FREIOS CONTROIL"
1620,000,"RGA COMPONENTES",
2317,000,"AWA PRODUTORA DE FILMES LTDA","AWA FILMS"
2196,000,"LS SANTOS METALÚRGICA","EMPRESA DO GRUPO TOQUE COLOR"
976,000,"KAP COMPONENTES ELÉTRICOS LTDA","KAP"
1048,000,"OTICA GUAYBA LTDA","VIP JOALHERIA E OTICA"
1050,000,"SANDRA REGINA LIMA DUARTE ME","MARAGUA DISTRIBUIDORA DE BEBIDAS"
1047,000,"HB TRANSPORTES E LOGISTICA LTDA","TRANSITO BRASIL"
1051,000,"WEG EQUIPAMENTOS ELETRICOS S/A",
1045,000,"SIPLAS INDUSTRIA DE PLSSTICOS LTDA","SIPLAS PLASTICOS"
1805,000,"DIGÍMER PRODUTOS DE INFORMÁTICA LTDA.","DIGIMER"
981,000,"BAUMIER AUTOMATION LTDA","BAUMIER"
1041,000,"RICARDO LUIS VOGT ME","VERA VOGT EVENTOS"
982,000,"E M DA SILVA NUNES - EPP","LIVRARIA ESCOLAO"
1049,000,"EXPRESSO SANTA LUZIA LTDA","EXPRESSO SANTA LUZIA"
983,000,"DIGESSO COMERCIO DE GESSO LTDA ME","DIGESSO"
1023,000,"PETISKEIRA ALIMENTOS LTDA.","PETISKEIRA"
1038,000,"ITU COMPONENTES INDUSTRIA E COMERCIO LTDA","ITU COMPONENTES"
1039,000,"DEMONTERS MONTAGENS DE DIVISORIAS LTDA","DEMONTERS"
1007,000,"RESTAURANTE UNGARATHO LTDA","RESTAURANTE QUERENCIA"
1021,000,"RUBENS SILVEIRA DA CUNHA E CIA LTDA","MERCADO CITY"
1046,000,"EJARA DA SILVA ALVES","AMV MANUTENCAO PREDIAL"
1037,000,"SUPRILIMP SISTEMAS DE LIMPEZA LTDA","SUPRILIMP"
969,000,"ESTINSUL EQUIPAMENTOS DE PREVENCAO CONTRA INCENDIO LTDA EPP","ESTINSUL"
1040,000,"MADEIREIRA HERVAL LTDA","TAQI"
1367,000,"EMPRESA BRASILEIRA DE CORREIOS E TELEGRAFOS","ECT - SERTORIO POA"
970,000,"MDS EMPREENDIMENTOS IMOBILIARIOS LTDA - EPP","MDS IMOBILIARIA"
971,000,"JORNADA E COELHO COMERCIALIZACAO DE IMOVEIS LTDA - ME","JORNADA E COELHO"
1044,000,"REITER TRANSPORTES E LOGISTICA LTDA","REITERLOG"
1054,000,"NEW GLASS VIDROS AUTOMOTIVOS LTDA ME","NEW GLASS VIDROS AUTOMOTIVOS LTDA ME"
1055,000,"AUXILIADORA PREDIAL LTDA","AUXILIADORA PREDIAL"
1056,000,"CLF PLASTICOS LTDA","CLF"
1052,000,"PRESTEX ENCOMENDAS EXPRESSAS LTDA",
1057,000,"SCAN ELECTRONIC EQUIPAMENTOS INDUSTRIAIS LTDA","SCAN DO BRASIL"
1062,000,"CASSOL MATERIAIS DE CONSTRUÇÃO LTDA","CASSOL CENTERLAR"
1065,000,"PATRULHA SUL MONITORAMENTO E SERVIÇOS EMPRESARIAIS LTDA","PATRULHA SUL"
1060,000,"MARCO AURELIO PINHEIRO BARROS","ELITTE UNIFORMES"
1063,000,"PEDRO ALCINO ROSA DA SILVEIRA - ME","HAWAI PESCA CLUB"
1077,000,"DIFERENCE CABOS COMERCIO E REPR. LTDA - ME","DIFERENCE CABOS"
1066,000,"LIMA E SONEMANN LTDA ME","MULTI COPIAS"
1053,000,"PLANALTO ENCOMENDAS LTDA","PLANALTO ENCOMENDAS LTDA"
1068,000,"TRANSPORTADORA MINUANO LTDA","EXPRESSO MINUANO"
1078,000,"PROFIOS PRODUTOS ELETRICOS LTDA",
1067,000,"TAE YOUNG BRASIL LTDA","TAE YOUNG BRASIL LTDA"
1090,000,"SOB SCHURTER OKW DO BRASIL LTDA","SOB SCHURTER OKW DO BRASIL LTDA"
1091,000,"V.M. MARQUES","MERCADO MARQUES"
1099,000,"BONESMAQ AUTOMAÇÃO E SERVIÇOS EIRELI",
1100,000,"DS MULLER TRANSPORTES E LOGISTICA LTDA","JA TRAZ TRANSPORTE E LOGISTICA LTDA"
1071,000,"RICARDO RAMOS CORREA - ME","AVATEC"
1073,000,"BILHARES ASA BRANCA LTDA",
1072,000,"PRIMARY CARE PROD. MEDICOS HOSPIT. E DE SERGURANÇA LTDA - ME","PRIMARY CARE"
1101,000,"MADEM S/A INDÚSTRIA E COMÉRCIO DE MADEIRAS E EMBALAGENS","MADEM"
1102,000,"INDUSTRIA METALURGICA IMEPP LTDA","IMEPP"
1070,000,"THYSSENKRUPP ELEVADORES S.A",
1069,000,"APTA VEICULOS E REPRESENTAÇÕES COMERCIAIS LTDA","MOVIDA RENT A CAR"
1085,000,"DAY BRASIL S/A","DAY BRASIL"
1096,000,"JAVI PERSONALIZAÇÕES LTDA - ME","JAVI PERSONALIZAÇÕES LTDA"
1103,000,"B&B COMÉRCIO DE MATERIAIS ELÉTRICOS LTDA","B&B MATERIAIS ELÉTRICOS"
1104,000,"EGF - EQUIPAMENTOS INDUSTRIAIS LTDA","EGF EQUIPAMENTOS INDUSTRIAIS LTDA"
1074,000,"DETRAN - SISTEMA INTEGRADO DE TRANSITO","DETRAN"
1110,000,"RESULTS ASSESSORIA E ADMNISTRACAO LTDA","TRAVELINN"
1131,000,"REFRIGERAÇÃO DUFRIO COM. E IMP. LTDA","DUFRIO"
1111,000,"LF SILVEIRA COMERCIO DE FERRAMENTAS LTDA","LF"
1134,000,"WT DISTRIBUICAO DE SEMICONDUTORES LTDA","W/TECH"
1112,000,"LOCALIZA RENT A CAR S.A","LOCALIZA RENT A CAR S.A"
1084,000,"PRONTO SOCORRO DAS CHAVES","PRONTO SOCORRO DAS CHAVES"
1153,000,"GUAIBA CARTORIO DO REGISTRO DE IMOVEIS","CARTORIO DO REGISTO DE IMOVEIS"
1154,000,"CIAPRAT COMERCIO DE MOVEIS PARA ESCRITORIO LTDA","COMPANHIA DAS PRATELEIRAS"
1086,000,"BELLER COMÉRCIO DE PAPÉIS LTDA","CASA DO PAPEL"
1156,000,"LOPES E MENEZES EMPREENDIMENTOS IMOBILIARIOS LTDA","L & M INCORPORAÇÕES"
1124,000,"GRAÇA LUIZA AZEVEDO DA SILVA","HOTEL POUSADA GUAIBA"
1088,000,"PLASTICOVILLE IND E COM PRO PLASTICOS LTDA","PLASTICOVILLE"
1113,000,"PAULO E DAVID BATERIAS E ACESSORIOS LTDA","CASTELO BATERIAS"
1097,000,"ARGEU JOSE MENDES & CIA LTDA - ME","MENDES & FILHO LTDA"
1157,000,"INFOAR COM.E SERV.EM AR CONDICIONADO E INF. LTDA","INFOAR"
1167,000,"CONQUISTE TECNOLOGIA LTDA - ME","CONQUISTE TECNOLOGIA"
1194,000,"FABIANO BRESOLIN MUNARI  & CIA LTDA","ALUMINIOS GUAIBA"
1171,000,"POLI TAPE INDUSTRIA E COMERCIO DE FITAS ADESIVAS LTDA","POLI TAPE FITAS ADESIVAS"
1193,000,"MIRTES MARIA FROZZA","SUPER DUBOM"
1164,000,"JOIAS KELLY LTDA","BIJOUTERIAS KELLY"
1165,000,"BVQI DO BRASIL SOCIEDADE CERTIFICADORA LTDA.","BVQI"
1170,000,"NATALICIO LANSING","NATALICIO LANSING"
1195,000,"M J S COMERCIO DE AUTO PARTES LTDA - ME","MJS"
1196,000,"THYSSENKRUPP ELEVADORES S/A 23 - RJ","THYSSEN - NITEROI"
1098,000,"HTC COMÉRCIO DE CONECTORES LTDA ME","HTC COM CONECTORES"
1210,000,"CORREA & MOTTA LTDA","INSTALEAR"
1082,000,"KAVO DO BRASIL INDUSTRIA E COMERCIO LTDA","KAVO"
1079,000,"MARITIMA SEGUROS S.A","MARITIMA"
1125,000,"LUMOBRAS LUBRIFICANTES ESPECIAIS LTDA",
2111,000,"MATV SUL ELETRONICOS LTDA","MATV SUL"
1231,000,"KELSI ENGENHARIA LTDA ME","KELSI"
1220,000,"GLOBAL DISTRIBUICAO DE BENS DE CONSUMO LTDA","TAQUI"
1340,000,"REITER TRANSPORTES E LOGISTICA LTDA","REITER"
1232,000,"ESA SERVICE SERVICOS EM RH E INFORMATICA LTDA ME","PSICOVIDA"
1218,000,"BRASIL SUL COM. E MONTAGENS DE COMPRESSORES LTDA - ME","COMPRESSORES-SUL"
1239,000,"LEMP LABORATORIO ELETRONICOS MECANICO DE PRECISÃO","LEMP"
1241,000,"ELETRICAL ELETRICA GERAL LTDA","ELÉTRIC"
1244,000,"SERVICO NACIONAL DE APREND. COM. SENAC AR RS","SENAC AR RS"
1247,000,"BRASPRESS TRANSPORTES URGENTES LTDA",
1257,000,"REFRIMATE ENGENHARIA DO FRIO LTDA","REFRIMATE"
1307,000,"BEYOND DOMOTICS ELETRONICOS LTDA EPP","BEYOND DOMOTICS"
1158,000,"MELCO ELEVADORES DO BRASIL S.A.","MITSUBISHI MOTORS"
1139,000,"CENTRO INTEGR ED CIENCIA TECNOLOGICA LTDA.","UNINTER GRUPO EDUCACIONAL"
1172,000,"ICARUS - IMOBILIARIA E CONSULTORIA LTDA - EPP",
1159,000,"MANOEL CELOI DA SILVA MEDEIROS ME","MADEREIRA CITY"
1173,000,"FABRICIO DA SILVA BORGES - ME","MASTERTEC"
1161,000,"SILVIO WILSON KRUGER","TABELIONATO DE NOTAS"
1147,000,"MAURO CESAR SOARES DA ROCHA ME","MR COMERCIAL"
1168,000,"REFEICOES NUTRIBRAS LTDA",
1211,000,"S.G. INDUSTRIA E COMÉRCIO DE PLASTICOS E","SG PLÁSTICOS SAINT GOBAIN"
1207,000,"EFITRANS TRANSPORTES LTDA",
1169,000,"AGRITECH LAVRALE S.A MAQUINARIO E COMPONENTES","YANMAR AGRITECH"
1212,000,"ROTIPLAST INDÚSTRIA DE PLÁSTICOS LTDA","ROTIPLAST"
1174,000,"FEDERAL EXPRESS CORPORATION","FEDEX"
1245,000,"GUIA DE ARRECADACAO DETRAN RS","DETRAN RS GAD-E"
1175,000,"DEPARTAMENTO DE POLICIA RODOVIARIA FEDERAL","DPRF"
1225,000,"IFM ELECTRONIC LTDA","IFM ELECTRONIC LTDA"
1234,000,"ALFA TRANSPORTES EIRELI","ALFA"
1236,000,"ARNO MACAGNAN & FILHO LTDA","MACAGNAN FERRAGENS"
1240,000,"TAIS NUNES DE QUADROS - ME","TOK GRAF"
1246,000,"SERVICOS NOTORIAS E REG. DE ELDORADO DO SUL","TABELIONATA DE NOTAS"
1258,000,"HIDRAMAVE COMÉRCIO DE PROD HIDR E VED LTDA.","HIDRAMAVE"
1237,000,"DEPARTAMENTO NACIONAL DE INFRAESTRUTURA DE TRANSPORTE","DNIT"
1238,000,"TKPE CONSTRUTORA E INCORPORADORA LTDA - EPP",
1083,000,"MEGACABOS IND. E COM. CABOS ESPECIAIS LTDA","MEGATRON"
1213,000,"TABELIONATO DE NOTAS","SERGIO AFONSO MANICA"
1163,000,"MARIBEL PAIM COSTA","CM EMPILHADEIRAS"
1197,000,"BRINGER DO BRASIL AGENCI. DE CARGAS NACIONAIS E INTERNA","BRIX"
1148,000,"TECNOCRIMPER INDUSTRIA E COMERCIO LTDA","TECNOCRIMPER"
1149,000,"CENTERPLASTER PRODUTOS PARA CONSTRUCAO LTDA",
1176,000,"MULTBOX INDUSTRIA E COMERCIO LTDA - EPP","MULTBOX"
1177,000,"PAULO A C NUNES - ME","MERCADO PAULINHO"
1198,000,"EXPRESSO MARAUTO LTDA - ME","EXPRESSO MARAUTO LTDA - ME FILIAL PORTO ALEGRE"
1199,000,"GUIA UNICA DE CUSTAS",
1214,000,"TCS INDUSTRIA DE COMP.DE COMUICACAO E SISTEMA DE SEGURANCA","FKS"
1928,000,"PRYSMIAN CABOS E SISTEMAS DO BRASIL S/A","PRYSMIAN CABOS E SISTEMAS DO BRASIL S/A"
1200,000,"BOLL PROCESSAMENTO DE DADOS LTDA","BOLL PROCESSAMENTO DE DADOS LTDA"
1178,000,"HOTEL ETALAN EIRELI - EPP",
1150,000,"IMPOSTO SOBRE A TRANSMISSAO DE BENS IMOVEIS","ITBI"
1151,000,"OLDISI COMERCIO DE PRODUTOS ALIMENTICIOS LTDA - ME","GUAIBA PADARIA E EMBALAGENS"
1145,000,"RENATA TARNOWSKI FRAGA","LUMA EXTINTORES"
1208,000,"MALTEC INDUSTRIA E COMERCIO DE MAQ. LTDA",
1215,000,"FABIO DOS SANTOS SILVA","BIG BURGER"
1179,000,"VABSCO-ABS COMPONENTES LTDA.","VABSCO-ABS COMPONENTES LTDA."
1264,000,"RÁPIDO GARIBALDI DE TRANSP LTDA",
1180,000,"ASSOCIACAO GAUCHA PARA A QUALIDADE","AGQ"
1265,000,"RAPIDO GARIBALDI DE TRANSP LTDA",
1221,000,"PORT DISTRIBUIDORA DE INFORMATICA E PAPELARIA LTDA","PORT INFO"
1209,000,"FLAVIO CASTELO & CIA LTDA - ME",
1201,000,"MAGNER PEREIRA DA SILVA 00472323075","H W ELETRICA"
1314,000,"ADOLFO MANOEL SEBASTIAO JUNIOR","SULPAO PADARIA E CONFEITARIA"
1315,000,"DANEVA MÁQUINAS E CONDUTORES ELÉTRICOS LTDA","DANEVA"
1316,000,"ACF GOETHE LTDA - EPP","ACF GOETE - COMERCIO E SERVIOS"
1320,000,"PCP PARAFUSOS INDUSTRIAL E COMERCIAL LTDA - EPP","PCP PARAFUSOS"
1278,000,"JR EQUIPAMENTOS E SERVICOS DE COMBATE A INCENDIO LTDA - ME","LUMA EXTINTORES"
1270,000,"JOAO CARLOS CICHON - ETIQUETAS","CICHON"
1280,000,"FISCONETASSESSORAMENTO FISCAL LTDA","FISCONET"
1226,000,"EXCEL DISTRIBUIÇÃO DE MATERIAL ELÉTRICO LTDA","EXCEL"
1235,000,"INSTITUTO EDUCACIONAL LTDA","IBGEN"
1281,000,"C.V. BECKERLE GUAIBAPEL - ME",
1327,000,"B2W COMPANHIA DIGITAL","SHOPTIME"
1313,000,"WEGO SISTEMAS - FABRICACAO DE COMPONENTES ELETRONICOS EIRELI","WEGO SISTEMAS"
1328,000,"REITER TRANSPORTES E LOGISTICA LTDA","REITER"
1330,000,"PLASKINI IND E COM DE PLAST LTDA","PLASKINI"
1333,000,"RICARDO BORBA PLOCHARSKI","RBP MANUTENCAO ELETRICA"
1332,000,"LUIZ ARGENTA VINHOS FINOS LTDA","LUIZ ARGENTA"
1317,000,"DOMINIK COMÉRCIO E INDUSTRIA DE METAIS E EQUIPAMENTOS LTDA","DOMINIK METAL CENTER"
1331,000,"FERNANDO FRASCARI - EPP",
1282,000,"AKSO PRODUTOS ELETRONICOS LTDA",
1290,000,"BRASCABOS COMPONENTES ELÉTRICOS E ELETRÔNICOS LTDA.","BRASCABOS"
1318,000,"REITER TRANSPORTES E LOGISTICA LTDA","REITER"
1228,000,"EDITORA ATLAS SA",
1229,000,"G. PANIZ INDUSTRIA DE EQUIPAMENTOS PARA ALIMENTAÇÃO LTDA","G.PANIZ"
1253,000,"LIFEMED INDUSTRIAL DE EQUIPAMENTOS E ARTIGOS MÉDICOS E HOSPI","LIFEMED"
1284,000,"MUNICIPIO DE GUIABA","GUAIBA PREF GABINETE DO PREFEITO"
1334,000,"GASIL COMERCIO IMPORTACAO LTDA",
1676,000,"AXT","AXT"
1298,000,"MASTERBALANCAS MANUTENCAO EM EQUIP. LTDA",
1242,000,"DANIEL O DOS SANTOS - ME",
1254,000,"REAL POLYMERS INDUSTRIA E COMERCIO LTDA - EPP","REAL POLYMERS"
1255,000,"GLOBAL TECNOLOGIA INDUSTRIA LTDA EPP",
1256,000,"TRANSNET COM IMP E EXP DE PROD DE SEGURANÇA LTDA","TRANSNET"
1243,000,"WEGFLEX IND COM LTDA-ME","WEGFLEX"
1277,000,"ERLANE LOPES SILVEIRA - ME","NINA MODAS"
1283,000,"NICANOR RODRIGUES NETO TELEINFORMATICA-EPP","LANDEL TELEINFORMATICA"
1272,000,"ANTONIO R. DA SILVA DA ROSA - 013163368041",
1291,000,"TRANSJOI TRANSPORTES LTDA","TRANSJOI TRANSPORTES LTDA"
1293,000,"REFAL INDUSTRIA E COMERCIO DE REBITES E REBITADORAS LTDA","REFAL STANLEY"
1273,000,"SHOPFISIO COMERCIO IMPORTADORA E EXPORTADORA LTDA",
1335,000,"INTEGRAÇÃO CONSULTORIA E TREINAMENTO LTDA",
1319,000,"GASPARINO GONÇALVES PEREIRA",
1089,000,"PKS MANUFATURADOS LTDA",
1274,000,"FERIAS FUNCIONARIOS",
1299,000,"FRIOVIX COMERCIO DE REFRIGERACAO LTDA","FRIOVIX"
1092,000," EXCEL - DISTRIBUICAO DE MATERIAL ELETRICO LTDA"," EXCEL DISTRIBUIDORA"
1081,000,"M O SARTORIO","CACAU SHOW"
1093,000,"MAQUINAS MORBACH LTDA","MORBACH"
1094,000,"BRASIL UTIL ATACADO E DISTR. DE MAT. DE CONSTRUÇÃO LTDA - ME","BRASIL UTIL"
1259,000,"LAUNER PACK EMBALAGENS LTDA-ME",
1202,000,"CRISTOPHER DOS SANTOS ME",
1294,000,"FRONTEC INDUSTRIA DE COMPONENTES DE FIXAÇÃO LTDA","FRONTEC"
1105,000,"TELEFONICA BRASIL S/A",
1135,000,"TRANSFORMADORES UNIÃO INDÚSTRIA E COMÉRCIO LTDA.","UNIÃO TRANSFORMADORES"
1181,000,"CARTROM INDUSTRIA DE EMBALAGENS",
1182,000,"FATI FERRAMENTAS LTDA",
1203,000,"ABASTECEDORA DE COMBUSTIVEIS RIOXEL LTDA","POSTO DOS LAGOS"
1136,000,"FUNDACAO DOM CABRAL","FUNDACAO DOM CABRAL"
1106,000,"JN PEREIRA & CIA LTDA - ME",
1138,000,"ALEX LOPES DE FRAGA","FOCAS FILME"
1204,000,"ABT COMERCIAL ELÉTRICA LTDA","ABT"
1183,000,"HLS COMERCIO DE ALIMENTOS LTDA - EPP","NANKING"
1126,000,"GAJACOM INDUSTRIAL LTDA","GAJACOM"
1261,000,"TECON RIO GRANDE S/A",
1262,000,"METALURGICA TORRE INDUSTRIA E COMERCIO LTDA","METALURGICA TORRE"
1184,000,"VALDIR LIONEL FARIA MORAES ME","JEFF GRILL"
1132,000,"ACT ELETRONICA LTDA","ACT ELETRONICA"
2259,000,"MM TURISMO & VIAGENS S.A","MAXMILHAS"
1133,000,"MC MACHADO CABOS ESPECIAIS","CONDUCAB FIOS E CABOS ELÉTRICOS"
1300,000,"JOSE EDSON SOARES LEAL E CIA LTDA - ME","JB EMBALAGENS PLASTICAS"
1310,000,"STRAPET EMBALAGENS LTDA","STRAPET EMBALAGENS LTDA"
1185,000,"EXPRESSO SAO MIGUEL LTDA",
1263,000,"COMERCIAL ELETRICA DW S/A","COMERCIAL ELETRICA DW"
1279,000,"LUIS ROMÁRIO SOARES BORGES",
1230,000,"MANUFATURA DE METAIS MAGNET LTDA","MMMAGNET"
2260,000,"HOPERGRAF",
1976,000,"CIT EXPRESS ENCOMENDAS LTDA.","CIT EXPRESS ENCOMENDAS LTDA."
1308,000,"SPRINGER CARRIER LTDA - SP","MIDEA CARRIER"
1321,000,"VMU INDÚSTRIA E COMÉRCIO LTDA","VMU"
1322,000,"SC INDUSTRIA DE EQUIPAMENTOS ELETRÔNICOS LTDA","SECURICENTER"
1323,000,"TEKNOFLEX RS BORRACHAS TECNICAS LTDA","TEKNOFLEX"
1285,000,"RDF - FUNDO DE INVESTIMENTO EM DIREITOS CREDITORIOS",
1107,000,"ARLINDO PALIARINI-ME","ARPHA INFORMATICA"
1286,000,"ANDRE LUIS MARCHIORO ME","SYSTEM CARD"
1275,000,"BREDA COMERCIO E IMPORTACAO LTDA - EPP","BREDA COMERCIO E IMPORTACAO"
1152,000,"AGENCIA FOCCO CONSULTORIA, SERVICOS E COMERCIO LTDA - ME","AGENCIA FOCCO"
1108,000,"SOCIEDADE EDUCACIONAL PENSAR LTDA","PENSAR"
1276,000,"EMBRATEL","EMBRATEL"
1287,000,"EMBALAGENS DO VALE LTDA - ME",
1109,000,"GUIA DE ARRECADACAO","GA"
1186,000,"CD -SIPAR FERRAMENTAS LTDA","SIPAR"
1305,000,"GESTOFLEX COMERCIO DE COMPONENTES DE SINALIZACAO LTDA - EPP","GESTOFLEX"
1288,000,"KATIUZE BIOLO DENTI 02188604040",
1289,000,"INTERAGE WEB DESIGN LTDA - ME","INTERAGE WEB"
1306,000,"SUPERMERCADO DO PAULINHO LTDA","SUPER PAULINHO"
1248,000,"HOTEL GUAIBA","HG HOTEL GUAIBA"
1324,000,"ROBERT BOSCH LTDA","BOSCH"
1140,000,"J&J INDUSTRIA DE EMBALAGENS LTDA",
1301,000,"FOCO AGENCIA DE CARGAS LTDA",
1336,000,"WCA COMERCIO DE ALIMENTOS LTDA","MERCADO INDIO"
1114,000,"LUOTT ELETROCOMPONENTES LTDA","LUOTT"
1206,000,"CABOS GOLDEN AUDIO E VIDEO LTDA EPP","CABOS GOLDEN"
1187,000,"DELTASUL UTILIDADES LTDA",
1266,000,"LUIS DRESCH - EPP","DRESCH SPORT"
1267,000,"NESTLE BRASIL LTDA",
1249,000,"THIAGO BOTELHO ALVARENGA","REPRESENTANTE  SP"
1268,000,"POSITIVA - DISTRIBUIDORA DE PRODUTOS DE HIGIENE E LIMPEZA LT","POSITIVA - SISTEMAS DE HIGIENIZAO E LIMPEZA"
1311,000,"AURENI RIOS DE OLIVEIRA APIOLAZA","LAVANDERIA GUAIBA"
1250,000,"ANDRE LUIS MAROCCO DE BORBA - ME","MICROTEC ELETRO ELETRONICA LTDA"
1146,000,"SIPAR FERRAMENTAS LTDA","SIPAR"
1251,000,"ODAIR DE OLIVEIRA ROSA TRANSPORTADORA - ME","SILAS LOG TRANSPORTES"
1188,000,"DELTASUL UTILIDADES LTDA",
1141,000,"ACE SCHMERSAL ELETROELETRÔNICA INDUSTRIAL LTDA","ACE SCHMERSAL"
1302,000,"WAGNER DOS SANTOS LOPES ME",
1222,000,"SERGIO RICARDO MACHADO FRANCO","REPRESENTANTE COMERCIAL"
1189,000,"VALENTYS INDUSTRIA E COMERCIO LTDA - EPP","VALENTYS"
1252,000,"METALVISION COMERCIO E INDUSTRIA METALURGICA LTDA - EPP","METALVISION"
1190,000,"EXPRESSO SAO MIGUEL LTDA",
1191,000,"VITOR HUGO VASCONCELOS 18484743004","VELOZZ"
1115,000,"MC3 INDÚSTRIA E COMÉRCIO DE COMPONENTES ELETRÔNICOS EIRELI","MC3 COMPONENTES"
1192,000,"MICROMECANICA IND. COM. IMP. E EXP. LTDA","MICRO MECANICA"
1295,000,"UNIVERSO EQUIPAMENTOS E PRODUTOS LTDA - ME","UNIVERSO COMERCIO E REPRESENTACOES"
1144,000,"TECH PLUG- IND. E COM. DE PLUGUES E CHIC. ELETR. LTDA- EPP",
1116,000,"ARCOS DOURADOS COMERCIO DE ALIMENTOS LTDA.","MC DONALD'S"
1205,000,"KOMAX COMERCIAL DO BRASIL LTDA","KOMAX"
1223,000,"SERRAFF INDUSTRIA DE TROCADORES DE CALOR LTDA.","NOVO HORIZONTE"
1117,000,"CLAUDIOMIRO DA SILVA RIBEIRO","J C COPIAS"
1155,000,"ANGELA MARIA LOURENZI PEREIRA ME","FERRAGEM ESTRELA"
1118,000,"LEONI SPECIAL CABLES GMBH","LEONI SPECIAL CABLES GMBH"
1325,000,"INSTITUTO BRAS. DO MEIO AMB.E DOS REC.NAT.REN.","IBAMA"
1326,000,"BR SUPPLY COM E DIST DE SUP S.A","BR SUPPLY"
1119,000,"ALFA TRANSPORTES EIRELI","ALFA"
1127,000,"CATYONN SOLUTIONS TRATAMENTO DE SUPERFICIE LTDA",
1303,000,"SEQUOR AUTOMACAO E SISTEMAS LTDA - EPP",
1216,000,"AZUL COMPANHIA DE SEGUROS GERAIS","AZUL SEGURO AUTO"
1120,000,"PRODUTTARE COMERCIO E REPRESENTACOES LTDA","PRODUTTARE CONSULTORES ASSOCIADOS"
1224,000,"THIAGO ESCOTO PERICOLO - ME","SUAMY"
1122,000,"MARQUARDT SWITCHES","MARQUARDT SWITCHES"
1123,000,"DI PAOLO GRALHADOS LOURDES LTDA.","DI PAOLO"
1296,000,"MTA BRASIL IND. E COM. DE COMPONENTES AUTOMOTIVOS LTDA","MTA BRASIL LTDA"
1297,000,"VAP TRANSPORTES LTDA - ME",
1128,000,"MUNDO REAL MERCEARIA LTDA","MUNDO REAL"
1129,000,"CLIMATRUCK SISTEMAS AUTOMOTIVOS LTDA","CLIMATRUCK"
1130,000,"CLIMATRUCK SISTEMAS AUTOMOTIVOS LTDA","CLIMATRUCK"
1337,000,"LUIS A DE LIMA","D ITALIA - CASA NOSTRA"
1338,000,"AZUL LINHAS AEREAS BRASILEIRAS S.A","AZUL LINHAS AEREAS"
1358,000,"CLEUMA SERVIÇOS INDUTRIAIS LTDA","CLEUMA BORRACHAS"
1353,000,,
1354,000,"EXPRESSO ASSUR LTDA","EXPRESSO PRIMAVERA"
1357,000,"LABORATORIO QUIMIOAMBIENTAL LTDA EPP","QUIMIOAMBIENTAL"
1364,000,"BVQI DO BRASIL SOCIEDADE CERTIFICADORA LTDA","BVQI DO BRASIL SOCIEDADE CERTIFICADORA LTDA"
1372,000,"DUTRA MAQUINAS COMERCIAL E TECNICA LTDA","DUTRA MAQUINAS"
1375,000,"THYSSENKRUPP ELEVADORES S/A SP","THYSSEN"
1428,000,"LEVCARGO TRANSPORTE LTDA",
1384,000,"BRASPRESS TRANSPORTES URGENTES LTDA",
1385,000,"SAN SILVESTRE PALACE HOTEL LTDA - EPP",
1383,000,"DIOGO RODRIGUES DIAS 01306356008","DRDIAS"
1386,000,"CLYK COMPONENTES ELETRONICOS IMP. E EXP.-EIRELI-EPP","CLYK COMPONENTES"
1359,000,"NESTLE BRASIL LTDA","NESTLE"
1341,000,"MULTITEC ASSESSORIA E PREST DE SERV LTDA EPP","MULTI TEC"
1381,000,"GALETERIA NOSTRO GALETO LTDA","GALETERIA NOSTRO"
1388,000,"INDUSTRIA DE IMP. AGRICOLAS VENCE TUDO IMP. E EXP LTDA","VENCE TUDO"
1389,000,"VOLPMANN SEGURANCA ELETRONICA - EIRELI","VOLPATO SEGURANCA ELETRONICA"
1373,000,"ORTOBRAS IND. E COMERCIO DE ORTOPEDIA LTDA.","ORTOBRAS"
1430,000,"TEXCLEAN LAVANDERIA INDUSTRIAL LTDA EPP",
1506,000,"SCHEFFER - EQUIPAMENTOS PARA PANIFICAÇÃO EIRELI","SCHEFFER"
1401,000,"HOTEL DELAZERI E DELAZERI LTDA ME","HOTEL ARRASTAO"
1431,000,"BRASPRESS TRANSPORTES URGENTES LTDA",
1429,000,"BLUE TREE HOTELS E RESORTS DO BRASIL S/A",
1404,000,"KUHN DO BRASIL S/A - IMPLEMENTOS AGRICOLAS",
1405,000,"CREATIVE COPIAS LTDA - ME","CREATIVE COPIAS"
1406,000,"PRYSMIAN ENERGIA CABOS E SISTEMAS DO BRASIL S.A.","PRYSMIAN ENERGIA CABOS E SISTEMAS DO BRASIL S.A."
1407,000,"CETEG COM. E SERV. DE EQUIP. ELETR. LTDA","CETEG"
1432,000,"LUBRIFIXA LUBRIFICANTES ESPECIAIS LTDA","LUBRIFIXA"
1374,000,"ANS IMPRESSOES GRAFICAS LTDA ME","GRAFICA ANS"
1390,000,"KHOMP INDÚSTRIA E COMÉRCIO LTDA","KHOMP INDÚSTRIA E COMÉRCIO LTDA"
1371,000,"MARIA REGINALDA FRANCELINO DE SOUZA ALVES-ME","MARIA REGINALDA"
1382,000,"SGS PARTNERS COMÉRCIO DE COMPONENTES PARA AUTOMAÇÃO LTDA","SGS PARTNERS"
1342,000,"SASSI MEDIDORES E TRANSFORMADORES LTDA","SASSI"
1408,000,"SCHNEIDER ELECTRIC BRASIL LTDA - PR","SCHNEIDER"
1433,000,"LUBRIFICA LUBRIFICANTES ESPECIAIS LTDA","LUBRIFIXA"
1343,000,"STILLO TRANSPORTES LTDA - EPP","STILLO TRANSPORTES PORTO ALEGRE - RS"
1434,000,"ANIXTER DO BRAZIL LTDA","ANIXTER"
1454,000,"GRUD INDUSTRIA E COMERCIO DE PEÇAS AUTOMOTIVAS LTDA","GRUD ACESSÓRIOS AUTOMOTIVOS"
1455,000,"IMPROVE GESTAO OPERACIONAL EIRELI ME","IMPROVE"
1376,000,"ABEPE CONSULTORES ASSOCIADOS LTDA - EPP",
1875,000,"EMPRESTIMO BRADESCO","EMPRESTIMO BRADESCO"
1437,000,"METALFRIO SOLUTIONS S.A.","METALFRIO SOLUTIONS S.A."
1391,000,"E2K DO BRASIL LTDA","E2K DO BRASIL LTDA"
1439,000,"HOTEL CENTENARIO LTDA ,E","HOTEL CENTENARIO"
1392,000,"ACOPLE IND DE IMPLEM. AGRICOLAS LTDA","ACOPLE"
1440,000,"MASTER SERVICE COOPERATIVA","MASTER SERVICE"
1443,000,"RS INTERNET LTDA ME","RS INTERNET"
1380,000,"WCA COM DE ALIMENTOS LTDA",
1393,000,"POLYMER IND E COM PLASTICOS LTDA","POLYMER"
1339,000,"METALTEKS METALURGICA LTDA","METALTEKS METALURGICA LTDA"
1438,000,"FLUID CONTROLS COMPONENTES P/AUTOMAÇÃO LTDA","FLUID CONTROLS"
1441,000,"JOBE CABOS E EXTENSÕES ELÉTRICAS LTDA","JOBE CABOS"
1409,000,"ECGUAIBA CONTABILIDADE LTDA","ECGUAIBA"
1345,000,"WECO DO BRASIL LTDA","WECO DO BRASIL"
1410,000,"PASSAGENS MENOR APRENDIZ",
1346,000,"MOHVA SERVICOS DE INFORMATICA LTDA ME",
1411,000,"INDUSTRIA DE MAQUINAS E REDUTORES TRANSMAQ LT","TRANSMAQ"
1464,000,"TRAY SERVICE TECNOLOGIA LTDA","TRAY SERVICE"
1412,000,"ATIVICON IND E COM DE EQUIP. ELETRO ELET. LTDA","IMECOTRON"
1370,000,"PERMETAL S/A METAIS PERFURADOS","PERMETAL"
1442,000,"ESCUBEDO DO BRASIL IND E COM ELETRO-ELETRONICA LTDA","ESCUBRAS"
1413,000,"LT VAIRES INDUSTRIA DE CONEXOES ELETRICAS LTDA","LT VAIRES"
1445,000,"EVERTON MERELLES DE SOUZA 68252277004",
1446,000,"POLAR COMPONENTES E SISTEMAS OFFSHORE LTDA","POLAR"
1444,000,"C.A.R BARBOSA","C.A.R EXPRESS"
1447,000,"WEG EQUIPAMENTOS ELETRICOS S.A - 1447","WEG EQUIP.ITAJAI"
1448,000,"LOJAS COLOMBO SA COMERCIO DE UTILIDADES DOMESTICAS","LOJAS COLOMBO"
1456,000,"NYCOLPLAST INDÚSTRIA E COMÉRCIO LTDA.","NYCOLPLAST INDÚSTRIA E COMÉRCIO LTDA."
1360,000,"MOVIMAK EQUIPAMENTOS PARA LOGISTICA EIRELI EPP","MOVIMAK PECAS E SERVICOS"
1368,000,"CALBRAS EQUIPAMENTOS DE PROTECAO LTDA","CALBRAS"
1347,000,"MAMELUKO COMERCIO DE CALCADOS LTDA","MAMELUKO CALCADOS"
1500,000,"RICARDO ANTUNES - ME","RICARDO"
1348,000,"DESCRITORIO COM. DE MOVEIS E SERV. LTDA","DMOVEIS"
1458,000,"METALURGICA VENANCIO LTDA","METALURGICA VENANCIO"
1419,000,"MAIOLI E CIA LTDA EPP","TRANSPORTADORA TEMPO"
1459,000,"COMPANHIA LUZ E FORÇA SANTA CRUZ","COMPANHIA LUZ E FORÇA SANTA CRUZ"
1460,000,"COMPANHIA PIRATININGA DE FORÇA E LUZ","COMPANHIA PIRATININGA DE FORÇA E LUZ"
1501,000,"VECTOR INDÚSTRIA DE PRODUTOS METALÚRGICOS LTDA","ARKE"
1563,000,"ESAB INDÚSTRIA E COMÉRCIO LTDA","ESAB"
1420,000,"LUIS ALBERTO VIEGAS SERRATTE EIRELI","EPI"
1421,000,"ALUMIARTE INDUSTRIA DE ESQUADRIAS DE ALUMINIO LTDA","ALUMIARTE"
1422,000,"FUJIMOTO COM DE ALIMENTOS LTDA","FUJIMOTO"
1423,000,"TIFFANY HOTEL LTDA EPP","PRINCE HOTEL"
1424,000,"ACRILDOMOS ARTEFATOS EM ACRÍLICO LTDA","ACRILDOMOS"
1462,000,"VIVO S.A.","VIVO"
1502,000,"HIPERMETAL METAIS LTDA","HIPERMETAL"
1425,000,"SCHNEIDER ELECTRIC BRASIL LTDA - SC","SCHNEIDER"
1504,000,"SIDERSUL PRODUTOS SIDERÚRGICOS LTDA","SIDERSUL"
1463,000,"QUALISUL METROLOGIA EIRELI ME","QUALISUL"
1507,000,"CENTRO DAS INDUSTRIAS DO ESTADO DE SANTA CATARINA","FIESC"
1426,000,"METROSUL  SOLUCOES EM METROLOGIA LTDA","METROSUL"
1505,000,"AGRAL INDUSTRIA E COMERCIO DE EQUIPAMENTOS ELETRONIC","AGRAL"
1466,000,"CALDAS TRANSPORTES E LOGISTICA LTDA.","CALDAS"
1467,000,"DISCABOS COM. IMP E EXPORTACAO DE ACESS. E ELE LTDA","DISCABOS"
1508,000,"SIMSEN BOROSKE COMERCIO ELETRONICO LTDA.","SIMSEN E BOROSKE"
1468,000,"CONTROL PORT E COMMERCE DE PROD. ELET. ELET.LTDA","CONTROL PORT"
1469,000,"GOMES E PIVATTO ENGENHARIA E SEGURANCA","GEPST ENGENHARIA"
1470,000,"WWD USA GROUP, LLC.","WWD USA GROUP, LLC."
1471,000,"OLSEN INDÚSTRIA E COMÉRCIO S/A","OLSEN S/A"
1520,000,"MB INOX SERVICOS LTDA. - ME","MB INOX LTDA"
1472,000,"ONIXSAT RASTREAMENTO DE VEICULOS LTDA","ONIXSAT"
1473,000,"RAPIDO TRANSPAULO LTDA","RAPIDO TRANSPAULO"
1474,000,"RAPIDO GARIBALDI DE TRABSPORTES LTDA","RAPIDO GARIBALDI"
1475,000,"COMPAINHA ZAFFARI COM. E IND. LTDA","ZAFFARI"
1476,000,"TAILINE SOUZA DA ROSA BOHUSCH ME","LANCHERIA DO CHAVINHO"
1477,000,"RESFRIAR CLIMATIZADORES E EQUIPAMENTOS LTDA.","RESFRI AR"
1478,000,"OFFICER DISTRIBUIDORA DE PRODUTOS DE INFORMATICA S/A","HARDSANT"
1479,000,"MANGUEPLAST INDUSTRIA DE MANGUEIRAS LTDA","MANGUEPLAST"
1480,000,"INOVA COM DE EPIS HIG E LIMP ME","INOVA"
1522,000,"SULIFLEX INDUSTRIA E COMERCIO DE PLASTICOS LTDA","SULIFLEX FITAS ADESIVAS ESPECIAIS"
1361,000,"GABRIEL SOARES DE MEDEIROS","CONSTHANTYS"
1523,000,"TRANSPORTADORA AMERICANA LTDA","T A. TRANSPORTADORA"
1509,000,"GLOBAL TAPE IND E COM DE FITAS ADESIVAS EIRELI","GLOBAL TAPE"
1349,000,"ARTEMOLAS INDUSTRIA DE MOLAS E ARTEFATOS DE METAL LTDA","ARTEMOLAS"
1378,000,"MALHA DE PRATA COMERCIO DE CABOS LTDA","MALHA DE PRATA"
1379,000,"HDA IND. E COM. DE COMP.ELET. LTDA ME","HDA ILUMINACAO LED"
1524,000,"MASTER USINAGEM","MASTER USINAGEM"
1362,000,"RICARDO VIEGAS LOPES 29461642091","CLOCK TRANSPORTES"
1510,000,"PAULO RICARDO GUTIERRI CHAVES E FECHADURAS LTDA.","CHAVEIRO PORTAO DA ALEGRIA"
1414,000,"PRO LABORE",
1395,000,"METALURGICA CATTO LTDA","METALURGICA CATTO"
1396,000,"SOCIEDADE PAULISTA DE TUBOS FLEXÍVEIS","SPTF"
1350,000,"DANIELA ARRUDA UBER – ME","SOLASTER"
1415,000,"NATUR PEDRAS LTDA","NATUR PEDRAS"
1416,000,"TELEFONICA BRASIL S.A.","VIVO"
1417,000,"PROTEMAX TERMINAIS ELETRICOS LTDA","PROTEMAX"
1465,000,"B2W COMPANHIA DIGITAL","AMERICANAS / SUBMARINO"
1351,000,"ROSANGELA FRAGA DE NEGREIROS LESSA","ESTACAO DAS FLORES"
1525,000,"MAQUINAS AGRICOLAS JACTO S/A","JACTO"
1397,000,"CORDEIRO FIOS E CABOS ELETRICOS LTDA","CORDEIRO"
1398,000,"FUSOPAR PARAFUSOS LTDA","FUSOPAR"
1418,000,"TNT MERCURIO CARGAS E ENCOMENDAS",
1399,000,"AGENDOR SERVICOS DE INTERNET LTDA - ME",
1363,000,"PRODMEC ELETROMECÂNICA LTDA","PRODMEC"
1400,000,"MAGAZINE LUIZA S/A","MAGAZINE LUIZA"
1481,000,"UNESUL DE TRANSPORTES LTDA","UNESUL"
1482,000,"DOMIX INCORPORAÇÕES",
1483,000,"FAMAK",
1526,000,"CASA DE CARNES 20 DE SETEMBRO LTDA.","CASA DE CARNES 20 DE SETEMBRO"
1596,000,"EMERSON RODRIGUES PEDROSO ME","PEDROSO TRANSPORTES"
1484,000,"FROMM SISTEMAS DE EMBALAGENS LTDA","FROMM"
1511,000,"TECSISTEL SISTEMAS ELETRONICOS LTDA EPP","TECSISTEL"
1527,000,"RTO IMPORTACAO E COMERCIO LIMITADA - EPP","RTO IMPORTACAO E COMERCIO LIMITADA - EPP"
1512,000,"AERO RUBBER COMPANY, INC","AERO RUBBER COMPANY, INC"
1513,000,"LORENI DOS SANTOS EIRELI ME","PIZZARIA LACAVE"
1486,000,"SPRINGER CARRIER LTDA","SPRINGER"
2197,000,"SOLAR SUL COM DE ACESS PARA VEICULOS LTDA ME","OFICINA DO FILME"
1514,000,"WEG LINHARES EQUIPAMENTOS ELÉTRICOS SA","WEG LINHARES EQUIPAMENTOS ELÉTRICOS SA"
1515,000,"BRASINKS RODRIGO E B ALVES ME","BRASINKS"
1516,000,"CASA DA CONSTRUCAO GUAIBA LTDA","CASA DA CONSTRUCAO GUAIBA LTDA"
1487,000,"BRASPRESS TRANSPORTES URGENTES LTDA","BRASPRESS TRANSPORTES URGENTES RJ"
1488,000,"LA-SURE PRODUTOS TERMOELETRICOS E CONFECCOES LTDA","LA-SURE"
1517,000,"ALPHASUL CARGO LTDA - ME","ALPHA SUL CARGO"
1489,000,"GNS IND. E COM. DE ALUMINIO EIRELI","ALUSUPRA ALUMINIO"
1490,000,"L Z MATTOS SILVEIRA ME","RAS TRANSPORTES"
1491,000,"KARIMEX COMPONENTES ELETRONICOS LTDA","KARIMEX"
1492,000,"OI S.A","OI TELEFONIA"
1493,000,"BRASPRESS TRANSPORTES URGENTES  LTDA","BRASPRESS"
1494,000,"BRASPRESS TRANSPORTES URGENTES  LTDA","BRASPRESS"
1495,000,"QUALITY TUBOS COM. DE FERRO E ACO LTDA EPP","QUALITY TUBOS"
1528,000,"ELGIN S/A","ELGIN"
1496,000,"DELLA VITA REPRESENTACOES COM. LTDA ME","DELLA VITA"
1529,000,"EMPRESA BRASILEIRA DE CORREIOS E TELEGRAFOS","AG AVENIDA FARRAPOS"
1498,000,"NILSON MORAES ME","NILSON MORAES"
1499,000,"TRANSPORTES OURO NEGRO LTDA","OURONEGRO TRANSPORTES"
1530,000,"LNR - INDUSTRIA MECANICA EXPORTAÇAO E IMPORTAÇÃO LTDA","LNR"
1531,000,"FIMAL FIOS MAGNÉTICOS LTDA","FIMAL"
1535,000,"MULTIPLUG INDÚSTRIA E COMÉRCIO LTDA","MULTIPLUG"
1536,000,"CKTEX COMERCIO EIRELI - EPP","CKTEX CIKALA"
1518,000,"BURGER ARQUITETOS SOCIEDADE SIMPLES - EPP","BURGER ARQUITETOS"
1519,000,"CONEC TECHNOLOGY","CONEC"
1537,000,"CREMER S.A.","CREMER S.A."
1538,000,"F&K GROUP TECNOLOGIA EM SISTEMAS AUTOMOTIVOS LTDA","F&K GROUP"
1532,000,"BRASPRESS TRANSPORTES URGENTES LTDA","BRASPRESS TRANSPORTES URGENTES LTDA"
1533,000,"INDUSTRIA E COMERCIO DE CONDUTORES ELETRICOS CLARA LTDA","CONDUCAP"
1539,000,"LEONI AUTOMOTIVE DO BRASIL LTDA","LEONI"
1549,000,"ASCOVAL INDUSTRIA E COMERCIO LTDA","ASCOVAL INDUSTRIA E COMERCIO LTDA"
2318,000,"UNESUL DE TRANSPORTES LTDA","UNESUL DE TRANSPORTES LTDA"
1540,000,"DAY BRASIL S/A","DAY BRASIL S/A"
1541,000,"MOTEC GMBH","MOTEC HEAVY-DUTY CAMERA SOLUTIONS"
1550,000,"ASSOCIACAO BRASILEIRA DE NORMAS TECNICAS ABNT","ASSOCIACAO BRASILEIRA DE NORMAS TECNICAS ABNT"
1542,000,"MERCOBOR IND E COM DE ART. DE BORRACHA LTDA","MERCOBOR"
1543,000,"SPHERIC COMPONENTES ÓPTICOS LTDA","SPHERIC"
1544,000,"CONDUTTI",
1545,000,"METALÚRGICA SIEMSEN LTDA.","SIEMSEN"
1546,000,"NEWARK","NEWARK"
1547,000,"MAQUINAS AGRÍCOLAS JACTO S/A - JACTO P & D","JACTO P & D"
1551,000,"MASTERTEC MANUTENCAO EM EQUIPAMENTOS LTDA","MASTERTEC SOLUÇOES EM PESAGENS"
1554,000,"CLIPPERTEC INDUSTRIAL E COMERCIAL LTDA","KYKLON"
1552,000,"TRANSPORTES SANTA CRUZ LTDA.","TRANSPORTES SANTA CRUZ LTDA."
1553,000,"ABASTECEDORA DE COMBUSTIVEIS RIOXEL LTDA","ABASTECEDORA DE COMBUSTIVEIS RIOXEL LTDA"
1548,000,"TORRES FUSIVEIS LTDA - ME","TORRES FUSIVEIS"
1555,000,"SHANGHAI CHANGSHUN ELEVATOR CABLE CO., LTDA.","CHANGSHUN ELEVATOR CABLE"
1556,000,"EQUITRONIC EQUIPAMENTOS ELETRONICOS LTDA","EQUITRONIC"
2238,000,"REBECCA EMANUELLE NERI LEITE DA SILVA 40451028848",""
1557,000,"CARGOTECH EQUIPAMENTOS E SERVICOS PARA LOGISTICA LTDA - ME","CARGOTECH EMPILHADEIRA PALETEIRA"
1558,000,"GARCIA & LUZ LTDA","RELUSIL SUL"
1559,000,"CARGOLOG SOLUCOES LOGISTICAS LTDA","CARGOLOG SOLUCOES LOGISTICAS"
1561,000,"VERTEC SERVIÇOS INDUSTRIAIS LTDA.","VERTEC SERVIÇOS INDUSTRIAIS LTDA"
1562,000,"VERTEC SERVIÇOS INDUSTRIAIS LTDA.","VERTEC SERVIÇOS INDUSTRIAIS LTDA"
1567,000,"FUSE IND.COM. E REPRESENTACAO DE COMP. ELET.LTDA EPP","FUSE E COMPONENTES"
1568,000,"ALTWIN ELECTRIC LTDA","ALTWIN ELECTRIC LTDA"
1564,000,"CIRO LOPES DA SILVA ME","CIRO LOPES DA SILVA ME"
1569,000,"LUBAS FERRAMENTARIA LTDA","LUBAS"
1565,000,"BRASPRESS TRANSPORTES URGENTES LTDA","BRASPRESS TRANSPORTES URGENTES LTDA"
1578,000,"TOROID DO BRASIL IND E COM DE TRANSFORMADORES LTDA","TOROID DO BRASIL"
1566,000,"VENAX ELETRODOMÉSTICOS LTDA","VENAX"
1580,000,"ZYU BR INOVACAO E DESIGN LTDA - EPP","ZYU BR INOVACAO E DESIGN"
1571,000,"SARAIVA E SICILIANO S/A","LIVRARIA SARAIVA"
1570,000,"STIHL FERRAMENTAS MOTORIZADAS LTDA","STIHL"
1742,000,"SANTANDER FINIMP","SANTANDER FINIMP"
1581,000,"TCHE TONER COMÉRCIO DE PERIFÉRICOS DE INFORMÁTICA LTDA","TCHE TONER"
1582,000,"STILLO TRANSPORTES LTDA - EPP","STILLO TRANSPORTES LTDA - EPP"
1583,000,"JUNCAO ELETRO ELETRONICA LTDA","JUNCAO"
1584,000,"SOURIAU",
1572,000,"DIOZER RODRIGUES DIAS 01306356008","DRDIAS"
1579,000,"COMPANHIA PAULISTA DE FORÇA E LUZ","CPFL PAULISTA"
1586,000,"ESTORIL APART HOTEL LTDA - EPP","ESTORIL APART HOTEL LTDA - EPP"
1587,000,"RODRIGO EUSTAQUIO BOTELHO ALVES - ME","RODRIGO EUSTAQUIO BOTELHO ALVES - ME"
1588,000,"ICE CABOS",
1589,000,"CAT - CENTRO DE ASS. AO TRANSPORTE LTDA","CAT EXPRESS"
1573,000,"CONNECT IMPORT IMPORTADORA, EXPORTADORA E COMÉRCIO LTDA","CONNECT IMPORT IMPORTADORA, EXPORTADORA E COMÉRCIO LTDA"
1574,000,"SAVARAUTO COM. IMP. E EXPORTACAO DE VEICULOS LTDA","SAVARAUTO"
1595,000,"ASSOC EMP. DO SBE - RMPA","CARTAO TEU"
1575,000,"CENTRO DE EDUCACAO INFANTIL CONSTRUINDO O SABER LTDA - ME","CONSTRUINDO O SABER"
1577,000,"BRASPRESS TRANSPORTES URGENTES LTDA","BRASPRESS TRANSPORTES URGENTES LTDA"
1590,000,"BIBIANO ELECTRIC",
1591,000,"DIEGO DAHMER DOS SANTOS E CIA LTDA ME","MERCADO JARDIM DOS LAGOS"
1592,000,"CONTRISO GESTOES VISUAIS LTDA - EPP","ISOFLEX"
1593,000,"JOSE LUIS BRINGHENTI","IMOBILIARIA 7 DE SETEMBRO"
1945,000,"JOÃO LUIS FINGER BACKES - ME","MVL DECOR GLASS"
1594,000,"BROADSPAN CAPITAL - ENGENHARIA DE NEGOCIOS E PARTICIPACOES L","BROADSPAN CAPITAL - ENGENHARIA DE NEGOCIOS E PARTICIPACOES L"
1597,000,"GOLSAT TECNOLOGIA LTDA.","GOLSAT"
1599,000,"AST MANUTENCAO E REFORMA DE MAQUINAS INDUSTRIAIS LTDA-ME","AST MANUTENCAO"
1598,000,"KALUNGA COMERCIO E INDUSTRIA GRAFICA LTDA","KALUNGA"
1600,000,"LPS SUL -CONSULTORIA DE IMOVEIS LTDA","LPS SUL -CONSULTORIA DE IMOVEIS LTDA"
1601,000,"JAMILA PATRICIA NOGUEIRA - ME","EJX EQUIPAMENTOS INDUSTRIAIS"
1602,000,"TERACOM TELEMATICA S/A","DATACOM"
1603,000,"SAO LEOPOLDO - EXPRESSO SAO MIGUEL LTDA","SAO LEOPOLDO"
1604,000,"SIMONI DA ROSA CORREA","SR ROLAMENTOS"
1607,000,"METALURGICA PADRE REUS LTDA","PADRE REUS"
2320,000,"PERFIL INDUSTRIA DE COMPONENTES AUTOMOTIVOS LTDA",
1605,000,"SMR COMERCIAL ELETRICA LTDA ME","SMR ELETRICA"
1606,000,"SELSO DA SILVA & CIA LTDA","LOJÃO DAS BATERIAS"
1608,000,"KABEL INDUSTRIA E COMERCIO DE CHICOTES ELETRICOS LTDA","KABEL"
1609,000,"GLOBAL DISTRIBUICAO DE BENS","TAQUI"
1610,000,"CYRELA SUL","CYRELA SUL"
1611,000,"WEBER TOPOGRAFIA LTDA - ME","WEBER TOPOGRAFIA LTDA - ME"
1612,000,"MBM COMERCIO E SERVICOS DE USINAGEM LTDA - EPP","MBM INDUSTRIA E COMERCIO"
1621,000,"DV TECNOLOGIA","DV TECNOLOGIA"
1622,000,"TRICOMP COMERCIAL ELETRÔNICA LTDA","TRICOMP"
1613,000,"S. L. MOTTA - ME","TERRACO - CHOPERIA E PETISCARIA"
1614,000,"TQF  TRATAMENTO FITOSSANITÁRIO LTDA","BIOSETA"
1616,000,"P.A.S INCORPORADORA LTDA ME","IMOBSUL IMOBILIARIA"
1623,000,"SULMAX COMERCIO FERRAMENTAS COMPONENTES","SULMAX COMPONENTES E FERRAMENTAS"
1617,000,"SCHUTZINGER GMBH","SCHUTZINGER"
1624,000,"JOAO WIEST COM DE SUCATAS LTDA","JW METAIS"
1625,000,"VEGA STYLE ITALIA LTDA","VEGA STYLE ITALIA LTDA"
1618,000,"ESTAGIAR INTEGRADOR EMPRESA-ESCOLA SOCIEDADE SIMPLES LTDA",
1637,000,"FENAM DNA BRASIL GESTAO E CONSULTORIA DE MARCAS EIRELI - ME","DNA BRASIL"
1626,000,"IMAM CONSULTORIA S.A.",
1627,000,"LUIZ CARLOS LITZ PRASS","AUTO CENTER PECAS E SERVICOS"
1628,000,"BRASPRESS TRANSPORTES URGENTES LTDA","BRASPRESS TRANSPORTES URGENTES LTDA"
1629,000,"TESTE",
1630,000,"FUTURE ELECTRONICS DO BRASIL LTDA","FUTURE ELECTRONICS DO BRASIL LTDA"
1631,000,"WMB COMERCIO ELETRONICO LTDA","WALMART"
1632,000,"MARIO FLVIO DA COSTA ME","VIDRACARIA VIDROSUL"
1633,000,"ALUITA ALUMINIO PORTO ALEGRE LTDA","ALUITA ALUMINIO PORTO ALEGRE LTDA"
1634,000,"PICO CRIMPING TOOLS CO,INC","PICOTOOLS"
1635,000,"BLACK STREAM HOTEL LTDA EPP.","BLACK STEAM"
1636,000,"EXPRESSO LEOMAR LTDA","EXPRESSO LEOMAR"
1638,000," POLISTAR BRASIL INDÚSTRIA E COMÉRCIO DE PLÁSTICOS LTDA","POLISTAR BRASIL"
1642,000,"CCM AUTOMACAO INDUSTRIAL LTDA - EPP","CCM AUTOMACAO INDUSTRIAL LTDA - EPP"
1640,000,"OCEAN BRAZIL PRODS. NAUTICOS LTDA.","OBPLAST"
1641,000,"OHMTEC COMÉRCIO DE COMPONENTES  ELETRÔNICOS LTDA","OHMTEC"
1643,000,"LAAX TECNOLOGIA DE INFORMAÇÃO LTDA","FANTASIA: LAAX TECNOLOGIA"
2095,000,"BAU DA ELETRONICA COMPONENTES ELET LTDA - ME","BAU DA ELETRONICA"
1639,000,"DUVALE TRANSPORTES EIRELI - EPP","DUVALE TRANSPORTES"
1644,000,"KPOLTEC MAQUINAS E EQUIPAMENTOS LTDA ME","KPOLTEC"
1645,000,"CAMBIONET","CAMBIONET"
1646,000,"LEINILDE DA SILVA FERNANDES-ME","LEINILDE"
1654,000,"METTA INTEGRADORA EMPRESA ESCOLA SOCIEDADE SIMPLES LTDA - ME","METTA ESTAGIOS"
1655,000,"EDSON PADILHA DE OLIVEIRA","MP MATRIZARIA"
1656,000,"STAPLES BRASIL COMÉRCIO DE MATERIAIS DE ESCRITÓRIO LTDA.","STAPLES"
1657,000,"DIMEL MATERIAIS DE EMBALAGEM LTDA","DIMEL"
1647,000,"BRIX CARGAS AÉREAS","BRIX CARGAS AÉREAS"
1648,000,"HEATCRAFT",
1658,000,"REAL BIRIGUI COMERCIO DE MAQUINAS E FERRAMENTAS LTDA - EPP","REAL MAQUINAS"
1649,000,"MAGAZINE LUIZA S/A."," MAGAZINE LUIZA"
1650,000,"REQUIPEL COMERCIAL DE EQUIPAMENTOS LTDA","REQUIPEL COMERCIAL DE EQUIPAMENTOS LTDA"
1753,000,"JADLOG LOGISTICA S.A","JADLOG LOGISTICA S.A"
1659,000,"METALASER INDUSTRIA DE PECAS MECANICAS EIRELI","METALASER"
1651,000,"DV TECNOLOGIA ELETROELETRONICA LTDA","DV TECNOLOGIA ELETROELETRONICA LTDA"
1652,000,"BRASPRESS TRANSPORTES URGENTES LTDA","BRASPRESS TRANSPORTES URGENTES LTDA"
1660,000,"SHANGHAI BARON TECHNOLOGIES CO., LTD","BARON RUBBER"
1661,000,"METALUS INDUSTRIA MECANICA LTDA","METALUS"
1662,000,"TRANSPOTECH PECAS E SERVICOS LTDA","TRANSPOTECH PECAS E SERVICOS LTDA"
1663,000,"QUEENSLAND GASKETS","QUEENSLAND GASKETS"
2261,000,"PRECIMECH SOLUÇÕES INDUSTRIAL LTDA","PRECIMECH"
1666,000,"MAICON JONATA DA SILVA DA CRUZ - ME","COVOADOS LOCACAO DE EQUIP PARA CONST CIVIL"
1667,000,"MARFIMETAL COMERCIO DE PRODUTOS PLASTICOS E METALICOS LTDA","MARFIMETAL"
1668,000,"TECNOFERRAMENTAS COMERCIAL IMPORTACAO E EXPORTACAO LTDA","TECNOFERRAMENTAS"
1664,000," QUEROTTI VEICULOS LTDA"," QUEROTTI VEICULOS LTDA"
1669,000,"ANTONIO RICARDO FRONER DE SOUZA","FRONERTEC"
1670,000,"CERVEJARIA RECULUTA LTDA","CERVEJARIA RECULUTA"
1673,000," LIVIO KRUGER & CIA LTDA"," LIVIO KRUGER"
1671,000,"GUAMIRIM AMBIENTAL LTDA - ME","GUAMIRIM"
1674,000,"ENGESF SONDAGENS E FUNDACOES LTDA","ENGESF SONDAGENS E FUNDACOES LTDA"
1675,000,"SANDRO ALVES DA SILVA","SC GUINCHOS E TRANSPORTES"
1683,000,"E S DE SOUZA FERRAGEM","E S DE SOUZA FERRAGEM"
1677,000,"IES DO BRASIL SOLUÇÕES EM EQUIPAMENTOS LTDA","SIAC"
1678,000,"JADLOG LOGISTICA LTDA","JADLOG"
1679,000,"JULIO CESAR NUNES LEMOS - ME","JULIO CESAR NUNES LEMOS - ME"
2201,000,"SPRINGER CARRIER LTDA - AM","SPRINGER CARRIER LTDA - MANAUS"
1684,000,"INDUSTRIAS PGG - TECNOLOGIA EM ARAMES E CABOS ESPECIAIS LTDA","PGG TELEFIO"
1680,000,"POLO SUL COM. E SERV. DE MAT. ELETRICOS E TELECOM","POLO SUL"
1681,000,"PRINT LOJA LTDA","PRINT LOJA"
1682,000," CIKALA COMERCIO E SERVICOS EIRELI - EPP"," CIKALA"
1685,000,"CABOLINK MONTADORA DE CABOS ELETRICOS LTDA - EPP","CABOLINK"
1689,000,"MI 24 IMPRESSOES DIGITAIS LTDA. - ME","MI REPRODUCOES"
1686,000,"DIGITAL RIVER DO BRASIL IMPORTACAO E COMERCIO DE PRODUTOS D","DIGITAL RIVER"
1687,000,"EMBRASUL INDÚSTRIA ELETRÔNICA LTDA","EMBRASUL"
1688,000,"PLUG ENERGY DO BRASIL LTDA-ME","PLUG ENERGY"
1690,000,"TRI POWER CORREIAS INDS LT","TRI POWER CORREIAS INDS LT"
1692,000,"MATV SUL ELETRONICOS LTDA","MATV SUL ELETRONICOS LTDA"
1719,000,"JUNIOR DISTRIBUIDORA","JUNIOR DISTRIBUIDORA"
2263,000,"RXR ENGENHARIA LTDA","REDANTE & REDANTE"
1703,000,"INJEPOLI INDUSTRIA E COMERCIO DE MATERIAIS PLASTICOS LTDA EP","INJEPOLI"
1691,000,"TRIPOWER CORREIAS INDUSTRIAIS LTDA","TRIPOWER"
1693,000,"SUL ESTAMPAS LTDA ME","SUL ESTAMPAS LTDA ME"
1716,000,"COELPLA - SUDAMERICANA S.A.","COELPLA"
1704,000,"CORREIAS SCHNEIDER LTDA","CORREIAS SCHNEIDER LTDA"
1705,000,"ONLINECOMPONENTS.COM",
1706,000,"TW TRANSPORTES LTDA","TW TRANSPORTES"
1720,000,"PK CABLE DO BRASIL INDUSTRIA E COMERCIO LTDA","PKC GROUP"
1707,000,"JUNIOR SUPREL SUPRIMENTOS PARA ESCRITORIO LTDA","JUNIOR SUPRIMENTOS"
1708,000,"SANCO",
1710,000,"SAMSSET COMERCIO DE COMPONENTES ELETRONICOS EIRELI","SAMSSET"
1711,000,"ARROW.COM","ARROW.COM"
1712,000,"ARROW ELECTRONICS AUSTRALIA",
1717,000,"VAPORTEC EQUIPAMENTOS INDUSTRIAIS LTDA","VAPORTEC"
1713,000,"COBREFLEX INDÚSTRIA E COMÉRCIO DE FIOS E CABOS EIRELI","COBREFLEX FIOS E CABOS ELÉTRICOS"
1714,000,"BRASPRESS TRANSPORTES URGENTES LTDA","BRASPRESS TRANSPORTES URGENTES LTDA"
1715,000,"KUHN-MONTANA INDUSTRIA DE MAQUINAS","KUHN MONTANA"
1718,000,"ALP AERO TÁXI LTDA - PIEX","PIEX – TRANSPORTE EXPRESSO"
1721,000,"TORK FERRAMENTAS LTDA","TORK FORT"
1728,000,"JF SERVIÇOS DE USINAGEM LTDA","USITECH"
1729,000," I.F.C. IND. E COM. DE CONDUTORES ELETRICOS LTDA - COBRECOM","COBRECOM"
1731,000,"WBM - COMÉRCIO E MANUTENÇÃO DE INFORMÁTICA EIRELI","WBM INFORMÁTICA"
1732,000,"MELRO ELETRÔNICA COMÉRCIO E INDÚSTRIA LTDA",
1730,000,"LEMO LATIN AMERICA COMERCIO, IMP/EXP E SERV. P/ CONECTORES E","LEMO"
1697,000,"FALCON INDÚSTRIA ELETRO ELETRONICA LTDA.","FALCON INDÚSTRIA ELETRÔNICA"
1698,000,"SHIV OM BRASS INDUSTRIES","SHIV OM BRASS INDUSTRIES"
1699,000,"FREUDENBERG SEALING","LUDOWICI SEALS"
1700,000,"VEDAX INDÚSTRIA E COMÉRCIO EIRELI","VEDAX"
1709,000,"CONIMEL EMPRESA DE MATERIAL ELETRICO LTDA","CONIMEL"
1722,000,"SK COM. DE PRODUTOS PLASTICOS E EQUIP.LTDA-EPP","SK PLASTICOS"
1723,000,"HARTING LTDA","HARTING LTDA."
1724,000,"JR COMERCIAL DE AÇO","JR"
1725,000,"TECNICABOS TECNOLOGIA DE SOLUÇÕES EM CABOS LTDA","TECNICABOS"
1733,000,"MADEIREIRA BENGAR COM DE MAT DE CONSTR LTDA","MADEIREIRA BENGAR"
1734,000,"BELT CORREIAS ESPECIAIS LTDA","BELT CORREIAS"
1735,000,"MEGATUMI COM IMP E EXP LTDA EPP","MEGATUMI"
1736,000,"DIRETO EXPRESS TRANSPORTES LTDA - ME","DIRETO EXPRESS TRANSPORTES LTDA - ME"
1737,000,"CHTRANS TRANSPORTES RODOVIARIOS LTDA","CHTRANS TRANSPORTES RODOVIARIOS LTDA"
1738,000,"STARTECK SEMICONDUTORES LTDA","STARTECK"
1739,000,"EDERSON DA SILVA PEREIRA ME","GAS DOIS IRMAOS"
1741,000,"DELTA ELECTRONICS INT´L (SINGAPORE) PTE LTD","DELTA SINGAPORE"
1743,000,"MÁQUINAS AGRICOLAS JACTO S/A - JACTO ELETRO","JACTO VEÍCULOS"
1747,000,"SECAMIC INDUSTRIA E COMERCIO IMPORTAÇÃO EXPORTAÇÃO LTDA","SECAMIC BRASIL"
1749,000,"ASTROVIEIRA ADESIVOS LTDA","ZOOM COMUNICAÇÃO VISUAL"
1744,000,"AMC MUDANCAS E TRANSPORTES LTDA","GRANERO"
1745,000,"LG ENGENHARIA LTDA",
1750,000,"CONTEC INDUSTRIA E COMERCIO LTDA","CONTEC CONEXOES TECNICAS"
1751,000,"STEM SRL","STEM SRL"
1746,000,"SERDIA ELETRÔNICA INDUSTRIAL LTDA","SERDIA"
1752,000,"JAMEF TRANPORTES LTDA",
1813,000,"SERVICO SOCIAL DA INDUSTRIA SESI","SERVICO SOCIAL DA INDUSTRIA SESI"
1903,000,"ALMEIDA E BERSELLI LTDA. - ME","ALMEIDA E BERSELLI LTDA. - ME"
2264,000,"ESPIRAL PARAFUSOS E FERRAMENTAS LTDA",
1754,000,"M.N. USIMETAL METALÚRGICA LTDA - ME","USIMETAL"
1760,000,"OBSERVATORIO SOCIAL DE GUAIBA","OBSERVATORIO SOCIAL DE GUAIBA"
1763,000,"MULTINACIONAL - DISTRIBUIDORA DE MATERIAIS DE CONSTRUCAO LTD","SCHNEIDER DISTRIBUIDORA"
1764,000,"JAIME RAITZ E CIA LTDA","JAIME RAITZ E CIA LTDA"
1755,000,"PROTON CABOS ESPECIAIS","PROTON"
1756,000,"RALP SERVIÇOS E PEÇAS LTDA","RALP INDUSTRIAL"
1757,000,"FERRAGENS NEGRAO COM LTDA - GUAIBA","FERRAGENS NEGRAO"
2321,000,"INCOMAGRI INDUSTRIA COMERCIO DE MAQUINAS AGRICOLAS LTDA","INCOMAGRI"
1758,000,"MAQUITEL MAQUINAS E TERRAPLANAGEM LTDA","MAQUITEL MAQUINAS E TERRAPLANAGEM LTDA"
2181,000,"BEVIAN COMERCIAL E IMPORTADORA LTDA","BEVIAN"
1761,000,"INTERMEC SOUTH AMERICA LTDA","HONEYWELL"
1766,000,"WETZEL","WETZEL - MARIA LUIZA REPRESENTAÇÃO"
1765,000,"ELCOA INDUSTRIA E COMERCIO LTDA","ELCOA"
1767,000,"UPS DO BRASIL REMESSAS EXPRESSAS LTDA","UPS DO BRASIL REMESSAS EXPRESSAS LTDA"
1768,000,"TECABLE PRODUTOS ELETRONICOS LTDA","TECABLE"
1769,000,"PORTO BALANCAS LTDA ME","PORTO BALANCAS LTDA ME"
1773,000,"RGA FERRAMENTARIA LTDA-ME","RGA"
1770,000,"CONSORCIO ITAU","CONSORCIO ITAU"
1771,000,"CP COMÉRCIO DE COMPONENTES ELETRÔNICOS I. E E. LTDA-ME","CP ELETRONICS"
1759,000,"ÍCARO EXPRESS LOGISTICS LTDA","ÍCARO EXPRESS"
1772,000,"DANIEL LUMERTZ DA SILVA","GRAFICA LUMERTZ"
1775,000,"LATITUDE LOGISTICA LTDA - ME","LATITUDE LOG"
1808,000,"M.R. SEVERO & CIA. LTDA.","M.R. SEVERO & CIA. LTDA."
1788,000,"TRANSPORTADORA TRANS-LOSANGELES LTDA - EPP","TRANS LOSANGELES"
1790,000,"SOUZA LANZ PARAFUSOS LTDA-EPP","SL PARAFUSOS"
1783,000,"FIZZI INCORPORADORA DE IMÓVEIS LTDA","FIZZI INCORPORADORA"
1784,000,"P.P.R. TOPAZIO INCORPORACOES SPE LTDA","TOPAZIO INCORPORACOES"
1785,000,"DBF ATENAS INCORPORADORA DE IMÓVEIS SPE LTDA","DBF ATENAS INCORPORADORA"
1789,000,"CRISTIANINE  GRASSOTTI VENCATO","BAZAR DTUDO"
1807,000,"RAFAEL PACHECO BOHUSCH","LANCHERIA CHAVINHO"
1786,000,"DIGI-KEY ELECTRONICS","DIGI-KEY ELECTRONICS"
1787,000,"YUSEN LOGISTICS DO BRASIL LTDA","YUSEN LOGISTICS DO BRASIL LTDA"
1791,000,"FUJICABOS CONDUTORES ELÉTRICOS LTDA.",
1836,000,"REDANTE E REDANTE TRANSPORTE E COLETA DE PRODUTOS NÃO PERIGO","RXR CAÇAMBA ENTULHO"
1792,000,"KMA COMÉRCIO DE PEÇAS, EQUIPAMENTOS E MATÉRIAS ELETRO-ELETRÔ","KMA BRASIL"
1793,000,"TECNOSIL INDÚSTRIA E COMÉRCIO DE ARTEFATOS DE SILICONE LTDA.","TECNOSIL"
1794,000,"TRANSPORTES TRANSLOVATO LTDA","TRANSPORTES TRANSLOVATO LTDA"
1809,000,"MUNHOZ & FARIAS LTDA - ME","MUNHOZ PNEUS"
1796,000,"YUSEN LOGISTICS DO BRASIL LTDA","YUSEN LOGISTICS DO BRASIL LTDA"
1797,000,"GOLDSUL INDUSTRIA PLASTICA LTDA","GOLDSUL"
1798,000,"DELL COMPUTADORES DO BRASIL LTDA","DELL VENDAS"
1806,000,"LACRES GOLD LTDA - EPP","LACRES GOLD"
1810,000,"EXCEL INDUSTRIA E COMERCIO DE COMPONENTES ELETRICOS LTDA","EXCEL INDUSTRIA E COMERCIO DE COMPONENTES ELETRICOS LTDA"
1812,000,"VINICIUS BERNARDES LIMA 00433054077","CODE SYSTEM"
1811,000,"KARIMEX COMPONENTES ELETRONICOS LTDA.","KARIMEX"
1818,000,"RICARDO RAFAEL ZIMMER","FERRAGEM BERGGRAV"
1799,000,"DENIS DA SILVEIRA ROCHO 82200521049","DENIS DA SILVEIRA ROCHO"
1814,000,"TRANSPORTADORA TRANSCENTER GP EIRELI - ME","ELCANA"
1800,000,"ENGEBANC ENGENHARIA E SERVICOS LTDA","ENGEBANC ENGENHARIA E SERVICOS LTDA"
1801,000,"DELL COMPUTADORES DO BRASIL LTDA","DELL FABRICA"
1802,000,"J DE MEIRA - ME","J DE MEIRA"
1815,000,"AUTOMATECH SISTEMAS DE AUTOMACAO LTDA",
1816,000,"M&C PLASTICOS EIRELI - ME","(AQUI ENCONTREI) MEC PLASTICOS"
1817,000,"GUINCHOS MUKSINOS LTDA - EPP","MUKSINOS"
1819,000,"BRASPRESS TRANSPORTES URGENTES LTDA","BRASPRESS TRANSPORTES URGENTES LTDA"
1820,000,"CONSTRUSINOS IND. E COM. DE  ARTEFATOS DE CIMENTO LTDA","CONSTRUSINOS"
1803,000,"BRASJET SOLUCOES LTDA","BRASJET"
1829,000,"BELLER COMÉRCIO DE PAPÉIS LTDA","CASA DO PAPEL"
1804,000,"TOQUE COLOR INDÚSTRIA METALÚRGICA LTDA - EPP","TOQUE COLOR"
2335,000,"OMRON AUTOMAÇÃO INDUSTRIAL BRASIL","OMRON"
1821,000,"ARVUS TECNOLOGIA LTDA","HEXAGON AGRICULTURE"
1822,000,"BUFAB FRANCE","BUFAB"
1823,000,"INDEL INDUSTRIA METALURGICA LTDA","INDELFLEX - NOVA DELCAFLEX"
1824,000,"BRADESCO FINIMP","BRADESCO FINIMP"
1825,000,"METALURGICA CORTE METAL LTDA","CORTE METAL"
1830,000,"SLAVIERO ADMINISTRACAO LTDA","SLAVIERO ADMINISTRACAO LTDA"
1831,000,"HEILIND USA","HEILIND USA - KOTEK"
1833,000,"SUL AMERICA CIA NACIONAL DE SEGURO",
1826,000,"ARTEFATOS DE CIMENTO CONFIANÇA LTDA","ARTEFATOS DE CIMENTO CONFIANÇA"
1853,000,"JTT SOLUCOES LOGISTICAS LTDA","JTT SOLUCOES LOGISTICAS LTDA"
1834,000,"VENETO TRANSPORTES LTDA","VENETO TRANSPORTES LTDA"
1835,000,"ELDORADO MINERAÇÃO LTDA.","ELDORADO MINERAÇÃO LTDA."
1827,000,"WERK-SCHOTT AUTOMATIZACAO PNEUMATICA LTDA","WERK-SCHOTT"
1828,000,"CLARO S/A","CLARO CELULAR"
1837,000,"DYNAR AUTOMATIZACAO INDUSTRIAL LTDA","DYNAR"
1838,000,"S. R. DA SILVA PEDRAS - ME",
1839,000,"VOTORANTIM CIMENTOS SA","VOTORANTIM"
1854,000,"ALP AERO TAXI LTDA","PIEX TRANSPORTE EXPRESSO"
1855,000,"OXBO DO BRASIL EQUIPAMENTOS AGRÍCOLAS LTDA","OXBO DO BRASIL"
1856,000,"CIMATEX MATERIAL DE CONSTRUÇÃO LTDA","CIMATEX MATERIAL DE CONSTRUÇÃO LTDA"
1840,000,"CUMMINS BRASIL LTDA","CUMMINS BRASIL"
1841,000,"IVAN PIRES SCHNITZER",
1842,000,"SIA COMERCIO E REPRESENTACOES LTDA","SIA"
1843,000,"MOISES DA SILVA","MOISES DA SILVA"
1844,000,"GLOBAL COML DE COMPONENTES ELETRÔNICOS LTDA - ME","GLOBAL ELETRÔNICA"
1845,000,"MAQUINAS AGRICOLAS JACTO S/A","JACTOCLEAN (LAVADORAS DE ALTA PRESSÃO)"
1846,000,"MERCADO LIVRE","MERCADO LIVRE"
1847,000,"ATRIO HOTEIS S.A.","IBIS GUAIBA HOTEL"
1848,000,"BIGFER IND E COM DE FERRAGENS LTDA","BIGFER"
1849,000,"ADD-THERM IND. COM. SENSORES ESPECIAIS LTDA","ADD THERM"
1776,000,"CONSTRUTORA ENGEMOLD - ESTRUTURAS PRE FABRICADAS LTDA","CONSTRUTORA ENGEMOLD"
1777,000,"CORUJA COLORIDA ARMARINHO LTDA","CORUJA COLORIDA"
1762,000,"RGA – USINAGEM LTDA – ME","RGA USINAGEM"
1778,000,"VRVV ENGENHARIA, CONSULTORIA, SERVICOS E ASSISTENCIA TECNICA","VRVV"
1779,000,"MS INDÚSTRIA E COMERCIO DE PEÇAS EIRELI","BRASTEC COMPONENTS"
1780,000,"AMC MUDANCAS E TRANSPORTES LTDA","AMC MUDANCAS E TRANSPORTES LTDA"
1781,000,"ASIA SHIPPING TRANSP.INTERNACIONAIS LTDA","ASIA SHIPPING"
1868,000,"AZUL LINHAS AEREAS BRASILEIRAS S.A.","AZUL LINHAS AEREAS BRASILEIRAS S.A."
1857,000,"LOCALIZA RENT A CAR S.A","LOCALIZA RENT A CAR S.A"
1869,000,"MARCIO ROBLES TUCHTENHENGEN","MARCIO ROBLES TUCHTENHENGEN"
1870,000,"PLASTICOS DAGIMA INDUSTRIA LTDA.","PLASTICOS DAGIMA"
1872,000,"SOS SISTEMAS DE SEGURANCA","SOS SISTEMAS DE SEGURANCA"
1873,000,"OEMS, EMSS, DISTRIBUTORS AND INDUSTRIAL DIVISION",
1874,000,"EKOMP COMERCIO DE COMPONENTES (REPRESENTANTE LEAR)",
1876,000,"IMPLASTEC PLAST. TEC. E LUBR. ESP. LTDA","IMPLASTEC"
1877,000,"GEBELI COMERCIAL ELETROELETRÔNICA LTDA – IMPORTADORA E EXPOR","GEBELI"
1878,000,"JONAS MODAS LTDA","JONAS MODAS LTDA"
1879,000,"FERNANDO DE OLIVEIRA MADEIRA","FOMTEC"
1858,000,"METALÚRGICA MONARCA LTDA","METALÚRGICA MONARCA"
1859,000,"MADEIREIRA SANLU LTDA - EPP","SANLU"
1860,000,"BET PLASTICOS LTDA.","BET PLÁSTICOS"
1861,000,"SERGIOMAR PEREIRA DE MATTOS 47994746004","MARANATA TRANSPORTES"
1882,000,"OBRA FACIL COMERCIO DE MATERIAIS PARA CONSTRUCAO LTDA","OBRA FACIL COMERCIO DE MATERIAIS PARA CONSTRUCAO LTDA"
1880,000,"3M PROMOTORA DE VENDAS LTDA - ME","3M PROMOTORA DE VENDAS LTDA - ME"
1862,000,"NACIONAL DO AÇO COMÉRCIO E PARTICIPAÇÕES LTDA","ARCELORMITTAL"
1871,000,"COMERCIAL ELETRICA DW LTDA","COMERCIAL ELETRICA DW"
1881,000,"LABOR IMPORT COMERCIAL IMPORTADORA EXPORTADORA LTDA","LABOR IMPORT"
1863,000,"WABE INDUSTRIA E COMERCIO LTDA EPP","WABE CONECTORES"
1864,000,"EXATRONIC INDUSTRIA E COMERCIO EIRELI","EXATRONIC"
1865,000,"PROESI COMPONENTES ELETRONICOS LTDA","PROESI COMPONENTES ELETRÔNICOS"
1866,000,"DIGICABO","DIGICABO"
1867,000,"ARCELORMITTAL BRASIL S.A","ARCELORMITTAL"
1904,000,"SS CONSTRUCAO LTDA. - ME","SS LTDA."
1923,000,"CBP COMEX IMPORTAÇÃO E COMERCIO DE PAPEL LTDA","NACIONAL PAPER"
1913,000,"HANOVER PNEUS LTDA - CEARA",
1907,000,"BOLIVAR PRODUTOS PLÁSTICOS LTDA","BOLIVAR PLASTICOS"
1914,000,"SAVARAUTO COMERCIO IMP. E EXP. DE VEICULOS",
1925,000,"BRASPRESS TRANSPORTES URGENTES LTDA","BRASPRESS TRANSPORTES URGENTES LTDA"
1915,000,"G S HOTEIS EIRELI - ME","G S HOTEIS EIRELI - ME"
1926,000,"WMB COMERCIO ELETRONICO LTDA","WALMART"
1916,000,"IVOBOR INDÚSTRIA E COMÉRCIO DE ARTEFATOS DE BORRACHA LTDA- E","IVOBOR INDÚSTRIA E COMÉRCIO DE ARTEFATOS DE BORRACHA LTDA- E"
1917,000,"JOMAT INDÚSTRIA DE ARTEFATOS DE CIMENTO LTDA.","JOMAT INDÚSTRIA DE ARTEFATOS DE CIMENTO LTDA."
1908,000,"GRAVATAI SERVICOS E SONDAGENS LTDA - ME","GRAVATAI SERVICOS E SONDAGENS"
1918,000,"JCN INDUSTRIA E COMERCIO EIRELLI","ELECTRIC RS"
1919,000,"GREEN AGE COMERCIO DE ACESSORIOS LTDA ME","GREEN AGE COMERCIO DE ACESSORIOS LTDA ME"
1920,000,"MEGALUX ILUMINACAO - EIRELI","MEGALUX ILUMINACAO - EIRELI"
1921,000,"FERRAMENTAS GERAIS COMERCIO E IMPORTACAO DE FERRAMENTAS E MA","FERRAMENTAS GERAIS FG"
1922,000,"CARLOS ROBERTO DE ALMEIDA TESSA - ME","CARLOS ROBERTO DE ALMEIDA TESSA - ME"
1883,000,"ALFA TRANSPORTES",
1884,000,"WP SERVICOS DE SEGURANCA PORTARIA E LIMPEZA LTDA - ME","WP SERVICOS DE SEGURANCA"
1885,000,"LUIS CARLOS MURLIK EPP","MURLIK PINTURA ELETROSTÁTICA"
1886,000,"EXPRESSO ORIENTE",
1887,000,"YAZAKI DO BRASIL  LTDA","YAZAKI"
1888,000,"ALFATRONIC","ALFATRONIC (REVENDA HARNESSFLEX)"
1889,000,"FV MODA COURO LTDA - ME","FV MODA COURO LTDA - ME"
1890,000,"OUTLED ILUMINACAO LTDA - ME","OUTLED ILUMINACAO"
1891,000,"OLIMAR INDUSTRIA E COMERCIO DE METAIS SANITARIOS LT - ME","OLIMAR INDUSTRIA E COMERCIO DE METAIS SANITARIOS LT - ME"
1892,000,"BRASJET INDUSTRIA E COMERCIO DE TINTAS LTDA - EPP","BRASJET INDUSTRIA E COMERCIO DE TINTAS LTDA - EPP"
1893,000,"LUIS FELIPE OLIVEIRA DA SILVA 02121349065","ADESIVOS PRO"
1894,000,"ABC ATACADO BRASILEIRO DA CONSTRUCAO S.A.","ABC ATACADO BRASILEIRO DA CONSTRUCAO S.A."
1895,000,"TRANSPORTADORA AMERICANA LTDA","TRANSPORTADORA AMERICANA LTDA"
1896,000,"SGS DO BRASIL LTDA","SGS DO BRASIL LTDA"
1897,000,"PH COMERCIO DE FERRAMENTAS LTDA-ME","PH"
1929,000,"SILVEIRA MATERIAIS ELETRICOS LTDA","SULINA ILUMINAÇÃO"
2015,000,"FL BRASIL HOLDING LOGISTICA E TRANSPORTE LTDA",
1933,000,"KINGSPAN - ISOESTE IND CONSTRUTIVOS ISOTERMICOS S/A","ISOESTE INDUSTRIA E COMERCIO DE ISOLANTES TERMICOS LTDA"
1934,000,"BEL MICRO COMPUTADORES LTDA","COMPREBEL"
1935,000,"DARF 5856- COFINS",
1936,000,"DARF 6912- PIS",
1946,000,"POSITIVO TECNOLOGIA S/A",
1947,000,"LAINI & LAHUDE SOLUCOES ESTRUTURAIS SOCIEDADE SIMPLES","LAINI & LAHUDE SOLUCOES ESTRUTURAIS SOCIEDADE SIMPLES"
1938,000,"CORDEIRO CABOS ELETRICOS S.A.","CORDEIRO"
1939,000,"BRASPRESS TRANSPORTES URGENTES LTDA","BRASPRESS"
1940,000,"TELIS ELETRONICOS - EIRELI - EPP","TELIS"
1994,000,"VERA T. B. MONTEIRO","ACRICENTER"
1948,000,"ICHIP TECNOLOGIA LTDA-ME","SOLDA FRIA"
1949,000,"MARGARETE RIBEIRO 72593873000","LAVA E SECA LAVANDERIA"
1930,000,"TECMOLD INDUSTRIA E COMERCIO LTDA","TECMOLD INDUSTRIA E COMERCIO LTDA"
1952,000,"TECTRANS LOGISTICA","TECTRANS LOGISTICA"
1953,000,"S.37 COMERCIO DE SALVADOS","TUFFY IMPRESSORAS E ARTIGOS DE INFORMÁTICA"
1954,000,"GROSSER NOGUEIRA E CIA LTDA","GROSSER NOGUEIRA"
1955,000,"GRUPOSUL MATERIAIS ELÉTRICOS","GRUPOSUL MATERIAIS ELÉTRICOS"
1941,000,"CONSORCIO BRADESCO",
1942,000,"POLEODUTO  INDÚSTRIA E COMÉRCIO DE ELETRO-MECÂNICOS LTDA.","POLEODUTO"
1931,000,"TERMOTUBOS IMPORTAÇÃO E EXPORTAÇÃO EIRELI","TERMOTUBOS"
1957,000,"PRISMA CONTAINER LTDA ME","PRISMA CONTAINER"
1958,000,"CARNETTI E DIAS COMERCIO DE GAS LTDA","GUAIBA GAS"
1960,000,"VALTER LUIS FROES BRASIL","FERRAGEM DO VALTER"
1961,000,"G A WERLANG GESTÃO E AMBIENTE LTDA","G A WERLANG"
1964,000,"KABUKM EXPLOSAO DE PRECOS BAIXOS","KABUM"
1965,000,"ARSOLCOMP COMERCIAL ELETRO ELETRÔNICOS LTDA","ARSOL"
1950,000,"DIRNEI XAVIER HERRERA","DIRNEI XAVIER HERRERA"
1956,000,"BRDE","BRDE"
1966,000,"ELETRONOR DISTRIBUIDORA DE MATERIAIS ELÉTRICOS LTDA","ELETRONOR"
1967,000,"CONTROL SINOS COMÉRCIO DE MÁQ. E EQUIP. INDUSTRIAIS LTDA","INOVASINOS"
1968,000,"BORRACHAS BMD LTDA","BMD"
1969,000,"SCHNEIDER ELECTRIC IT BRASIL IND. E COM.DE EQUIP. ELET. LTDA","SCHNEIDER ELECTRIC - CE"
1972,000,"DUVALE TRANSPORTES EIRELI - FILIAL SP","DUVALE TRANSPORTES EIRELI - FILIAL SP"
1973,000,"PAGANI E MENEGOTTO LTDA ME","JR USINAGEM ( FAZ PARA BMD BORRACHAS)"
1975,000,"FORTEX INDUSTRIA ELETRO ELETRONICO LTDA","FORTEX"
1979,000,"H-J INTERNATIONAL, INC.","H-J"
1970,000,"TECNOLOG ENGENHARIA E REPRESENTAÇÕES TÉCNICAS LTDA","TECNOLOG"
1971,000,"CLEMENTINO DE SOUZA NETO - ME","CLEMENTINO"
1977,000,"VERGALHAO TRANSPORTES E LOGISTICA","VERGALHAO TRANSPORTES E LOGISTICA"
1978,000,"ASW BRASIL TECNOLOGIA EM PLÁSTICOS LTDA","ASW BRASIL"
1980,000,"ELETROCAL IND E COM MAT ELETRICOS LTDA","CORFIO"
1981,000,"FERRAMENTAS GERAIS COM. IMP. S/A","FERRAMENTAS GERAIS FG"
1986,000,"SH FORMAS ANDAIMES E ESCORAMENTOS LTDA","SH FORMAS ANDAIMES E ESCORAMENTOS LTDA"
1982,000,"ONIX DISTRIBIDORA DE PRODUTOS ELETRICOS",
1987,000,"KEHL & BARDINI SAUDE OCUPACIONAL LTDA","PROATEN"
1983,000,"PORTORROL DISTRIBUIDORA LTDA","PORTORROL"
1984,000,"HB TRANSPORTES E LOGISTICA LTDA","TRANSITO BRASIL SP"
1988,000,"IRMAOS CHIARIELLO LTDA","FERRAMENTAS CHIARIELLO"
2284,000,"AGCO DO BRASIL SOLUÇÕES AGRÍCOLAS LTDA","AGCO CANOAS"
1985,000,"MS INSTRUMENTAÇAO INDUSTRIAL - EIRELI","MS INSTRUMENTAÇAO"
1989,000,"OTS TRANSPORTES LTDA","OTS TRANSPORTES LTDA"
1990,000,"NAT TRACTUS TELEMETRIA EPP LTDA.","TRACKTUS"
1991,000,"VERA T. B. MONTEIRO","ACRICENTER"
2012,000,"EXATRON IND. ELETR. LTDA","EXATRON"
1992,000,"NEXANS BRASIL S.A.","NEXANS"
1993,000,"A. CIDADE","DA ESQUINA LIVRARIA E PAPELARIA"
1995,000,"NEOALUMÍNIO INDÚSTRIA E COMÉRCIO DE METAIS LTDA.","NEOALUMINIO"
2013,000,"ALSI COMERCIO DE ALUMINIO LTDA","ALSI COMERCIO DE ALUMINIO LTDA"
2028,000,"ALSTEC COMÉRCIO DE EQUIPAMENTOS ELETRÔNICOS LTDA","ALSTEC"
2022,000,"CRIATIVA COMERCIO E INSTALACAO DE FORROS LTDA","CRIATIVA LTDA"
1996,000,"ESSENTRA INDUSTRIA E COMERCIO LTDA.","ESSENTRA"
1997,000,"GRUPO GRX MUNDI - AUTOTRATI/MACROSUL",
1998,000,"ELASTIFLEX",
1999,000,"ALTOPLAT PLATAFORMAS AEREAS LTDA","ALTOPLAT PLATAFORMAS AEREAS LTDA"
2000,000,"SENSE  ELETRÔNICA  LTDA.","SENSE  ELETRÔNICA  LTDA."
2001,000,"SOLLUS MECANIZAÇÃO AGRÍCOLA LTDA","SOLLUS MECANIZAÇÃO AGRÍCOLA LTDA"
2023,000,"CONSTRUTORA COVOADOS","CONSTRUTORA COVOADOS"
2024,000,"GRAJS COMERCIO ELETRONICO LTDA - ME","GRAJS"
2016,000,"TUBOS IPIRANGA INDÚSTRIA E COMÉRCIO LTDA.","TUBOS IPIRANGA INDÚSTRIA E COMÉRCIO LTDA."
2002,000,"IVO PENZ COMERCIAL LTDA.","IVO PENZ"
2017,000,"TECSOIL AUTOMAÇÃO E SISTEMA S.A","SOLINFTEC"
2003,000,"ENGEPOLI LTDA","ENGEPOLI - ENGENHARIA DO POLICARBONATO"
2004,000,"XTSUL TRANSPORTES EIRELI","EXTREMO SUL TRANSPORTES"
2018,000,"HDI SEGUROS","DEBITO BANRISUL"
2019,000,"MULT COMERCIAL COMPONENTES ELETRONICOS","SITE MULT COMERCIAL COMPONENTES ELETRONICOS"
2169,000,"BRUNA ALVES DA SILVA ME","GUAIBA EMBALAGENS"
2033,000,"AUD SERVIÇOS EIRELI - EPP","ASELSHOP"
2034,000,"FERRAMENTAS GERAIS COM. IMP. S/A","FERRAMENTAS GERAIS FG"
2020,000,"ABN & TOLEDO IMPORTACAO LTDA - ME",
2025,000,"ALAX DOUGLAS SCHMIDT JOSE","SULCALHASUL"
2021,000,"PINTO BANDEIRA AVIAMENTOS LTDA",
2006,000,"RUBIRAM CAMPAO DA SILVA 44717725034","RC GUINCHOS"
2007,000,"NISSUL VEICULOS L TDA","NISSUL VEICULOS L TDA"
2035,000,"GEMIR COMERCIO DE IMPRESSOS LTDA","GEMIR"
2036,000,"SS INDUSTRIA METALURGICA DE TELAS EIRELI","INSUL"
2008,000,"GILBERTO DA SILVA SOARES","FERRAGEM RG"
2009,000,"DUTOTEC INDUSTRIAL LTDA","DUTOTEC X"
2029,000,"METARO INDUSTRIA E COMERCIO LTDA","METARO"
2010,000,"SULINK INFORMATICA EIRELI - EPP",
2026,000,"ELETRODEX ELETRÔNICA LTDA - EPP","ELETRODEX"
2030,000,"ALTEC INDUSTRIAL E REPRESENTAÇÕES MATERIAL ELÉTRICO ELETRÔNI","ALTEC INDUSTRIAL"
2027,000,"FACA E RESOLVA COMERCIAL LTDA - EPP","FACA E RESOLVA"
2037,000,"GRAJS COMERCIO ELETRONICO LTDA - ME","GRAJS MEGASTORE"
2040,000,"GLOBAL TORNO E FRESA LTDA","GLOBAL USINAGEM"
2038,000,"ROF E MAG COMERCIO VAREJISTA DE MAT. ELETR.LTDA ME","PROJETO AGUA"
2039,000,"NESTOR BORTOLINI E CIA LTDA","BORTOLINI"
2041,000,"GRADINI - INDUSTRIA E COMERCIO DE PORTAS E ESCADAS LTDA","GRADINI - PORTA S ESCADAS E CORRIMOES"
2042,000,"EVERTON RODRIGO LOPES","EVERTON RODRIGO LOPES"
2043,000,"LUANA GOMES GARCIA","LUANA GOMES GARCIA"
2045,000,"COBO EQUIPAMENTOS AGRICOLAS E INDUSTRIAIS LTDA","COBO GROUP"
2047,000,"ELETRONOR DISTRIB DE MAT ELETRICOS LTDA.","ELETRONOR"
2049,000,"NOVECAR MÁQUINAS E ACESSÓRIOS P/MALHARIA LTDA.","NOVECAR"
2048,000,"DIGISERVI TRADING LTDA","DT OFFICE"
2050,000,"PONTO DA ELETRONICA COM. VAREJ. DE COMPON. ELETRONICOS EIREL","PONTO DA ELETRONICA"
2192,000,"JOCINELI GONSIOROSKI DOS SANTOS","FERRAGEM RAYANNE"
2051,000,"A.T.I. BRASIL ARTIGOS TÉCNICOS INDUSTRIAIS LTDA","ATI BRASIL"
2052,000,"RTO IMPORTAÇÃO E COMÉRCIO LTDA","RTO ROLAMENTOS"
2054,000,"LOI BRASIL COMERCIO ELETRONICO LTDA","LOI BRASIL"
2056,000,"BERGENTAL, MASOTTI & CIA. LTDA","SERRA TRANSPORTES"
2057,000,"IMPOSTOS FEDERAIS","IMPOSTOS FEDERAIS"
2058,000,"CRJMAC METALS COM. DE PEÇAS PARA MAQUINAS IMP. E EXP.","CRJMAC MARÇAL"
2059,000,"BOMBA SUL CONSERTOS E INSTALACOES EIRELI","BOMBASUL SERVICE"
2060,000,"ELETROMECÂNICA NELSON LTDA.",
2061,000,"PARTEX BRASIL SERVIÇO E COMÉRCIO DE EQUIPAMENTOS ELETRÔNICOS","PARTEX"
2063,000,"DIEGO CUNHA DA SILVA","COMPANY CAR"
2064,000,"INDUSTRIA METALURGICA MAZA LTDA","METALURGICA MAZA"
2083,000,"ATACADAO DO LAR COMERCIAL ATACADISTA LTDA","ATACADAO DO LAR COMERCIAL ATACADISTA LTDA"
2085,000,"BARBARA MARINHO DEMIQUILI SILVA 36635980806",""
2086,000,"BRASPRESS TRANSPORTES URGENTES LTDA","BRASPRESS TRANSPORTES URGENTES LTDA"
2087,000,"TRANSPORTE RODOVIARIO DALFAN LTDA.","TRANSPORTE RODOVIARIO DALFAN LTDA"
2088,000,"C.C.P CENTRO COM DE PARAFUSOS LTDA EPP","CCP PARAFUSOS E FERRAMENTAS"
2065,000,"COM E IND BREITHAUPT SA","BREITHAUPT"
2066,000,"BRONZEARTE INDUSTRIA E COMERCIO LTDA - EM RECUPERACAO JUDICI","BRONZEARTE INDUSTRIA E COMERCIO LTDA - EM RECUPERACAO JUDICI"
2067,000,"E. L. DUTRA MOVEIS","E. L. DUTRA MOVEIS"
2068,000,"B2W COMPANHIA DIGITAL","B2W COMPANHIA DIGITAL"
2069,000,"LEROY MERLIN COMPANHIA BRASILEIRA DE BRICOLAGEM","LEROY MERLIN COMPANHIA BRASILEIRA DE BRICOLAGEM"
2070,000,"CONSTRUTEC IMPORTACAO, EXPORTACAO, COMERCIO E SERVICOS EM CO","CONSTRUTEC"
2071,000,"VIDEO E SOM ELETRONICOS LTDA","VIDEO E SOM ELETRONICOS LTDA"
2072,000,"TOLLE MADEIRAS LTDA","TOLLE"
2073,000,"Z. CHUNLI ARMARINHOS","S.L.N. IMPORTACAO & EXPORTACAO"
2074,000,"MAZER DISTRIBUIDORA LTDA","MAZER DISTRIBUIDORA"
2075,000,"MAP COMERCIO DE ACESSORIOS PARA BOX E ESQUADRIAS LTDA","MAP COM E REPRESENTACOES"
2076,000,"ROAL INDUSTRIA METALURGICA LTDA","ROAL INDUSTRIA METALURGICA LTDA"
2077,000,"MARCELO RODRIGUES DA COSTA TATUÍ EIRELI - EPP","MRCOSTA EQUIPAMENTOS E MÁQUINAS"
2089,000,"USINA IND. COM. E IMPORTAÇÃO DE PRODUTOS DE INFORMATICA LTDA","USINA INFO"
2078,000,"KION SOUTH AMERICA FABR. EQUIP. ARMAZ. LTDA","KION (FABRICA DA STILL - TRANSPOTECH)"
2079,000,"TRANSPOTECH TRANSPORTES EIRELI","TRANSPOTECH TRANSPORTES EIRELI"
2080,000,"KION SOUTH AMERICA FABRICACAO DE EQUIPAMENTOS PARA ARMAZENAG","KION SOUTH AMERICA FAB DE EQUIP PARA ARM LTDA"
2081,000,"GILENO FERRAO FREITAS 98635204034","SERRALHERIA PRETO MANIA"
2082,000,"THYSSENKRUPP ELEVADORES SA","THYSSENKRUPP ELEVADORES SA"
2265,000,"OTIMIZA ASSESSORIA EM ENGENHARIA","OTIMIZA ASSESSORIA EM ENGENHARIA"
2096,000,"ORIGINAL – INDÚSTRIA ELETROELETRÔNICA LTDA","ORIGINAL"
2104,000,"F KNAK - LOCACOES","FERRO FORTE LOCACOES"
2097,000,"TRANSPORTES DIAMANTE LTDA","DIAMANTE"
2098,000,"ANA PAULA DE LIMAS BICA ME","FABIO VIDROS"
2099,000,"OPERUM SERVIÇOS TÉCNICOS E ADMINISTRATIVOS LTDA.- ME","STRIPTEK - SCHAEFER"
2102,000,"SANTOS E BARTZ MOVEIS PLANEJADOS LTDA","SANTOS E BARTZ MOVEIS PLANEJADOS LTDA"
2103,000,"MGF INDUSTRIA ELETRONICA LTDA","MGF (MEGADEF INDUSTRIA)"
2266,000,"DELCAFLEX INDUSTRIA E COMERCIO LTDA","DELCAFLEX - ANTIGA INDELFLEX"
2100,000,"ANDRE RODRIGO NASCIMENTO DA SILVA","SÓ CADEIRAS"
2109,000,"ENERGIA GRUPOS GERADORES LTDA","ENERGIA"
2105,000,"CIA DIGI COMPANHIA DIGITAL LTDA",
2106,000,"UNICARGO TRANSPORTES E CARGAS LTDA","UNICARGO"
2110,000,"RESISTRONIC COMPONENTES ELETRONICOS LTDA","RESISTRONIC COMPONENTES ELETRONICOS LTDA"
2107,000,"INSTITUTO LAB SYSTEM DE PESQUISAS E ENSAIOS LTDA - EPP","LABSYSTEN"
2124,000,"SERTEC INDUSTRIA MECÂNICA LTDA","SERTEC INDUSTRIA MECÂNICA LTDA"
2108,000,"ITAPUI TUBOS E CONEXOES EIRELI","ITAPUI TUBOS E CONEXOES EIRELI"
2112,000,"DIRECT EXPRESS LOGISTICA INTEGRADA S/A","DIRECT EXPRESS"
2113,000,"TELEFONICA BRASIL S/A","VIVO GUAIBA"
2114,000,"UTILIDADES ELÉTRICAS COM. E IMP. LTDA","UTILIDADES ELÉTRICAS"
2115,000,"FORTPEL	- COMÉRCIO DE DESCARTÁVEIS LTDA","FORTPEL"
2129,000,"ECOLITE DO BRASIL INDUSTRIAL LTDA.","ECOLITE DO BRASIL INDUSTRIAL LTDA."
2116,000,"DYNAPAC DO BRASIL INDUSTRIA E COMERCIO DE MAQUINAS LTDA","DYNAPAC DO BRASIL INDUSTRIA E COMERCIO DE MAQUINAS LTDA"
2117,000,"GURGELMIX MAQUINAS E FERRAMENTAS S.A.","GURGELMIX MAQUINAS E FERRAMENTAS S.A."
2118,000,"DINAMIZOL HIGIENIZADORA, EMPRESA PRESTADORA DE SERVICOS PARA","DINAMIZOL"
2119,000,"CULTIV SERVS DE APOIO OPERACIONAL LTDA","CULTIV"
2120,000,"MACROSERVICE TÉCNICA COMERCIAL LTDA","MACROSERVICE"
2125,000,"MARI TERESINHA CARVALHO FORLI","CONSTRUFORTE"
2128,000,"GUILHERME IRIGOYEN DE AVILA","VIDRO SUL"
2133,000,"PROCESSO TRABALHISTA","PROCESSO TRABALHISTA"
2134,000,"IMOV DISTIBUIÇÃO COMERCIO E SERVIÇO EIRELI EPP","IMOV"
2135,000,"ALVES LOPES COMÉRCIO EIRELI-EPP","MÉDICY"
2136,000,"SOLUÇÃO - EQUIPAMENTOS PARA REDE ELÉTRICA","SE SOLUÇÕES"
2138,000,"SIAT - SOCIEDADE INDUSTRIAL DE APLICAÇÕES TECNICAS LTDA","SIAT"
2137,000,"GRANT RICHES  LIMITED - PENZEL ASIA","PENZEL ASIA"
2141,000,"STARWILL COMERCIO, REPRESENTAÇÃO, IMPORTAÇÃO E EXPORTAÇÃO DE","STARWILL BUSINESS"
2142,000,"REFRIGERACAO PEZZOL","PEZZOL E FILHOS LTDA"
2130,000,"ALEXANDRE ROGERIO CAMPOS - ME","CAMPOS AUTOMAÇÃO"
2131,000,"SMM COSTA COMERCIA E ASSISTENCIA TECNICA DE MAQUINAS E EQUIP","SMM COSTA"
2121,000,"DOMINGUEZ INDUSTRIA METALURGICA LTDA","DOMINGUEZ"
2122,000,"MARI TERESINHA CARVALHO FORLI","MARI TERESINHA CARVALHO FORLI"
2132,000,"DIANA COMERCIO DE MATERIAIS PROMOCIONAIS LTDA","DWIN BRINDES"
2123,000,"AGROGUAIBA RAÇÕES LTDA.","CASA DO CAMPO"
2140,000,"SOLUVAN SOLUÇÕES E COMÉRCIO DE MATERIAIS ELÉTRICOS LTDA.","SOLUVAN SOLUÇÕES E COMÉRCIO DE MATERIAIS ELÉTRICOS LTDA."
2143,000,"CLIPTECH INDÚSTRIA E COMÉRCIO LTDA.","CLIPTECH INDÚSTRIA E COMÉRCIO LTDA."
2147,000,"TECNOAR COMÉRCIO DE MÁQUINAS LTDA","TECNOAR COMÉRCIO DE MÁQUINAS LTDA"
2144,000,"MFC INDUSTRIA E COMERCIO LTDA","SMD"
2285,000,"AGCO DO BRASIL SOLUÇÕES AGRÍCOLAS LTDA","AGCO RIBEIRÃO PRETO - MATRIZ"
2145,000,"TURCK DO BRASIL AUTOMAÇÃO LTDA",
2148,000,"HO VILELA","SUPRI SHOP"
2146,000,"GAMA HOTELARIA E EMPREENDIMENTOS LTDA","CLASS HOTEL"
2156,000,"FIGWAL TRANSPORTES","FIGWAL TRANSPORTES"
2155,000,"CETRO SOLUCOES EM EMBALAGENS EIRELI - ME","CETRO"
2149,000,"COBIX IND. E COM. DE METAIS LTDA","COBIX"
2150,000,"AQUAPLAS INDÚSTRIA E COMÉRCIO DE PLÁSTICOS LTDA.","AQUAPLAS"
2151,000,"STILLOLOG TRANSPORTES LTDA- SAO PAULO","STILLOLOG TRANSPORTES LTDA- SAO PAULO"
2152,000,"GABRIEL OLIVEIRA PIMENTEL",
2153,000,"VALE TECNOLOGIA EM TRANSFORMADORES","VALE TECNOLOGIA EM TRANSFORMADORES"
2157,000,"AMERICA LATINA DISTRIBUIDORA DE FERRAGENS LTDA ME","CENTERFORT"
2158,000,"LF SILVEIRA COMERCIO DE FERRAMENTAS LTDA","LF SILVEIRA"
2159,000,"JOINING COMERCIO ELETRO ELETRICOS LTDA","JNG"
2160,000,"SAND CONTABILIDADE","SAND CONTABILIDADE"
2161,000,"CRISTIANE GOMES DE OLIVEIRA","ENGENHARIA CASEIRA"
2162,000,"HYGIE SERVICE COMERCIAL LTDA","HYGIE"
2163,000,"TR SUL CHICOTES ELETRICOS LTDA - ME","TR SUL"
2164,000,"GURGELMIX MAQUINAS E FERRAMENTAS S.A.-CAJAMAR",
2172,000,"ROM TECNOLOGIA EIRELI","ROM TECNOLOGIA EIRELI"
2171,000,"NALC COMÉRCIO E INDÚSTRIA LTDA","NALC COMÉRCIO"
2165,000,"HS INDUSTRIA E COMERCIO DE ARTEFATOS DE PAPEL LTDA - HS PAPE",
2166,000,"BANRISUL","BANRISUL"
2167,000,"CIRILO CABOS IMPORTACAO E EXPORTACAO EIRELI",
2168,000,"TECNO DAHER SOLUCOES ELETRICAS LTDA ME","TECNO DAHER"
2170,000,"PASQUALE INDUSTRIA E COMERCIO LTDA","PASQUALE"
2174,000,"INFOAR COMERCIO E SERVICOS EM AR COND. E INF. - EIRELI","INFOAR"
2173,000,"NAATZ MATERIAIS DE CONSTRUÇÃO LTDA","FERRAGENS NAATZ"
2180,000,"RS AUTOMAÇÃO",
2175,000,"PONTO MODULOS LTDA",
2176,000,"3RTE MONTAGENS E INSTALAÇÕES ELÉTRICAS - EIRELI","3RTE MONTAGENS"
2182,000,"PROMONT SOLUÇÕES LTDA.","PROMONT"
2183,000,"PIER ASSESSORIA FINANCEIRA LTDA.","PIER ASSESSORIA FINANCEIRA LTDA."
2184,000,"PRODIHL-PRODUTOS PARA AUTOMAÇÃO INDUSTRIAL","PRODIHL"
2185,000,"SAMSSET COM.DE COMPS ELETRONICOS EIRELI","SAMSSET"
2177,000,"CIA. JAGUARI DE ENERGIA","CPFL SANTA CRUZ"
2178,000,"RONDON",
2187,000,"FS FLORENCIO","PAPELSUL"
2189,000,"CONTROLFLEX EQUIPAMENTOS LTDA","CONTROLFLEX"
2186,000,"RGE SUL DISTRIB.ENERG. S/A","RGE SUL"
2188,000,"ZINTEC ZINCAGENS TECNICAS LTDA","ZINTEC GALVANIZAÇÃO"
2190,000,"GUAIBA TELECOMUNICAÇÃO SISTEMAS E INFORMAÇÃO LTDA","GUAIBA TECNOLOGIA"
2193,000,"ANDERE E SOUZA FIBRAS PLASTICAS EIRELE EPP","CELERA"
2194,000,"INSTRAMED INDÚSTRIA MÉDICO HOSPITALAR LTDA","INSTRAMED"
2195,000,"LANCA - COMERCIO E LOCACAO DE EQUIPAMENTOS EIRELI","LANÇA EMPILHADEIRAS"
2215,000,"ESICC ELETRÔNICA INDUSTRIAL LTDA","ESSIC"
2198,000,"RM LOCAÇÕES DE EQUIPAMENTOS LTDA","RM LOCAÇÕES"
2206,000,"EMPRESTIMOS SÓCIOS","EMPRÉSTIMOS SÓCIOS"
2216,000,"LUZ E COR FOTOGRAFIAS LTDA","LUZ E COR"
2202,000,"STRIPTEK EQUIPAMENTOS PARA PROCESSAMENTO DE FIOS E CABOS LTD","STRIPTEK"
2203,000,"CLARK MATERIAL HANDLING BRASIL S.A.","CLARK"
2204,000,"SERVICOS DE EMPILHADEIRAS TOFFANELO LTDA","SERVICOS DE EMPILHADEIRAS TOFFANELO LTDA"
2205,000,"TECLUX SOLUCOES EM ILUMINACAO EIRELI","TECLUX SOLUCOES EM ILUMINACAO"
2207,000,"EMPRESTIMO CAIXA ECONOMICA FEDERAL","CAIXA ECONOMICA"
2209,000,"FRANCY JACQUES VASCONCELOS",
2210,000,"MID TRANSPORTES LTDA","MIDTRANS"
2211,000,"PEÇAS PRO CARRO LTDA","PEÇAS PRO CARRO"
2212,000,"TECLUX SOLUÇÕES EM ILUMINAÇÃO E TELEFONIA","TECLUX"
2213,000,"JOSÉ RICARDO DA SILVA","LETRONIC"
2220,000,"FERRAMENTAS FARRAPOS LTDA.","FERRAMENTAS FARRAPOS"
2217,000,"ESCRIPEL COMÉRCIO DE MATERIAIS DE ESCRITÓRIO LTDA","ESCRIPEL"
2218,000,"ARCANJO EXPRESS TRANSPORTES DE CARGAS LTDA - ME","GLOBO TERRESTRE ENCOMENDAS INTELIGENTES LTDA"
2221,000,"OXIMAX COMERCIO DE GASES E EQUIPAMENTOS LTDA","OXIMAX"
2219,000,"SEONA SERVICOS ADMINISTRATIVOS LTDA","SEONA - PIER"
2222,000,"A.J.C.","BRA PRODUTOS"
2223,000,"ALFA COMPONENTES ELETRONICOS LTDA","ALFA"
2224,000,"N. DIAS FILHO - YES SHOP INFORMATICA","YES SHOP"
2225,000,"FINIMP BANCO DO BRASIL","BANCO DO BRASIL"
2227,000,"UAI COMERCIO DIGITAL EIRELI - EPP","UAI"
2228,000,"DISTRIBUIÇÃO FACCINI","DISTRIBUIÇÃO FACCINI"
2229,000,"DICAS ENCOMENDAS","DICAS ENCOMENDAS"
2230,000,"EMPRESA DE MINERAL AQUALEVE LTDA","AQUALEVE"
2231,000,"DCTF - DOC DE ARREC RECEITAS FEDERAIS","DECLARAÇÃO DE DÉBITOS E CRÉDITOS TRIBUTÁRIOS FEDERAIS WEB"
2232,000,"CONSORCIO CAIXA ECONOMICA FEDERAL","CAIXA ECONOMICA"
2233,000,"BARILOG SERVIÇOS DE ENTREGAS EXPRESSAS LTDA.","BARILOG SERVIÇOS"
2234,000,"ANTONIO SÉRGIO MONTAGNOLI ME","CASA AUTO ELÉTRICA PEÇAS AUTOMOTIVAS"
2270,000,"ADECIL COMERCIAL LTDA","ADECIL COMERCIAL LTDA"
2235,000,"MB UTILIDADES EIRELI","MB UTILIDADES"
2240,000,"DANIEL DUARTE RABELO","BRINDE BRASIL"
2236,000,"MKTT EVENTOS EIRELI","MKTT EVENTOS EIRELI"
2239,000,"ROBOCORE TECNOLOGIA LTDA EPP","ROBOCORE"
2241,000,"BRASPRESS TRANSPORTES URGENTES LTDA",
2242,000,"E-L-F COMERCIAL EIRELI – ME","MC CABOS"
2244,000,"ENTRAN INDUSTRIA E COMERCIO DE EQUIPAMENTOS ELETRONICOS LTDA","ENTRAN"
2245,000,"CPM OFFICE COMERCIO DIGITAL LTDA ME","CPM OFFICE COMERCIO DIGITAL"
2243,000,"AZUL LINHAS AEREAS BRASILEIRAS S.A.",
2246,000,"H VENUTO INDUSTRIA TEXTIL LTDA","H VENUTO INDUSTRIA TEXTIL LTDA"
2247,000,"COELPLA DO BRASIL IMPORTAÇÃO E EXPORTAÇÃO LTDA","COELPLA DO BRASIL IMPORTAÇÃO E EXPORTAÇÃO LTDA"
2248,000,"RAFAEL NUNES PLASTICOS - ME","RAFAEL ECO TUBOS"
2250,000,"CALIFA SKATE BAR LTDA","CALIFA SKATE BAR"
2251,000,"RUDI KUCK","RUDI KUCK"
2252,000,"COMERCIAL ELETRICA DW S/A","COMERCIAL ELETRICA DW"
2286,000,"ATRIO HOTEIS S.A.",
2253,000,"RAFAEL NUNES PLASTICOS","INDUPERFIS REVESTIMENTOS DE PVC"
2271,000,"COMPRAR O ITEM SIMILAR - ALTERAR - NÃO COMPRAR","COMPRAR O ITEM SIMILAR - ALTERAR - NÃO COMPRAR"
2287,000,"AGCO DO BRASIL SOLUÇÕES AGRÍCOLAS LTDA","AGCO MOGI DAS CRUZES"
2283,000,"DANIELA VALENTE DA SILVA","DANIELA ECO TUBOS"
2254,000,"GALAPOS CONSULTORIA E PARTICIPACOES LTDA","GUAPO CAPITAL"
2255,000,"NUCLEO REG DO INST EUVALDO LODI O ESTADO RS","IEL"
2273,000,"FOCO AGENCIA DE CARGAS LTDA","FOCO AGENCIA DE CARGAS LTDA"
2274,000,"AQUALUZ FRANCANA COM. DE MAT. ELET. E HIDRAUL. LTDA  ME","AQUALUZ"
2275,000,"CELABRA COMÉRCIO E INDUSTRIA ELETRO MECANICA","CELABRA"
2276,000,"ELTON TEIXEIRA DIAS",
2277,000,"WURTH ELECTRONICS MIDCOM INC.","WURTH ELECTRONICS MIDCOM INC."
2278,000,"FERVI TRASNPORTES LTDA","FERVI TRASNPORTES LTDA"
2288,000,"AGCO DO BRASIL SOLUÇÕES AGRÍCOLAS LTDA","AGCO JUNDIAÍ"
2279,000,"AC DINAMICA DESENTUPIDORA LTDA","AC DINAMICA DESENTUPIDORA LTDA"
2280,000,"PH COMÉRCIO DE FERRAMENTAS LTDA – ME","PH COMÉRCIO"
2281,000,"SNJ INDUSTRIA DE MATERIAIS ELETRICOS E ELETRONICOS LTDA","SNJ INDUSTRIA DE MATERIAIS ELETRICOS E ELETRONICOS LTDA"
2289,000,"AGCO DO BRASIL SOLUÇÕES AGRÍCOLAS LTDA","AGCO CAMPINAS"
2290,000,"AGCO DO BRASIL SOLUÇÕES AGRÍCOLAS LTDA","AGCO SANTA ROSA"
2291,000,"AGCO DO BRASIL SOLUÇÕES AGRÍCOLAS LTDA","AGCO ERNESTINA"
2292,000,"AGCO DO BRASIL SOLUÇÕES AGRÍCOLAS LTDA","AGCO IBIRUBÁ"
2293,000,"VIVEIRO ZIMMER LTDA","VIVEIRO ZIMMER LTDA"
2294,000,"BR CLEAN DISTRIBUIDORA DE DESCARTAVEIS LTDA","BR CLEAN"
2302,000,"MEGA FERRAMENTAS LTDA-ME","MEGA FERRAMENTAS"
2296,000,"INFODATAS COMERCIO DE PRODUTOS ELETROELETRONICOS E SERVIÇOS","INFODATAS"
2297,000,"FLAVIA IDANA MOREIRA DA SILVA ME","FLAVIA IDANA MOREIRA DA SILVA ME"
2298,000,"HUNION COMERCIAL LTDA - EPP","HUNION COMERCIAL LTDA - EPP"
2299,000,"BRASFIO INDUSTRIA E COMERCIO NORDESTE S/A.","BRASFIO"
2300,000,"ABT COMERCIAL ELÉTRICA LTDA."," ABT COMERCIAL ELÉTRICA"
2301,000,"AGROMETAL COMERCIAL DE FERRAGENS LTDA","AGROMETAL"
2303,000,"GUZZI INDUSTRIA E COMERCIO DE APAR ELETRICOS LTDA","GUZZI - FORUSI"
2304,000,"ELECON INDÚSTRIA E COMÉRCIO LTDA.","ELECON"
2305,000,"HAI BRASIL COMERCIO DE VARIEDADES LTDA","HAI BRASIL COMERCIO DE VARIEDADES LTDA"
2306,000,"SNJ INDÚSTRIA DE MATERIAIS ELÉTRICOS E ELETRÔNICOS LTDA","SNJ"
2322,000,"CONDUSPAR CONDUTORES ELETRICOS LTDA","CONDUSPAR"
2333,000,"GMP SUPRIMENTOS GERAIS EIRELI","GMP SUPRIMENTOS INDUSTRIAIS"
2324,000,"ACTIFIX DISTRIBUIDORA DE PEÇAS PARA FIXAÇÃO LTDA","ACTIFIX DISTRIBUIDORA DE PEÇAS PARA FIXAÇÃO LTDA"
2347,000,"A. G. DA COSTA INFORMATICA","A.G.C. COMERCIAL E INFORMATICA"
2325,000,"DARLEY ANDERSON DA SILVA VENTILACAO ME","DARLEY ANDERSON DA SILVA VENTILACAO ME"
2326,000,"KLEBER NOGUEIRA DA SILVA - ME","K N STUDIO"
2334,000,"FORTBRAS AUTOPECAS S.A.","ANTIGA PEGASUS"
2307,000,"PREMIUM COMERCIO E SOLUÇOES EM IMPRESSÃO EIRELI","PREMIUM COMERCIO E SOLUÇOES EM IMPRESSÃO EIRELI"
2308,000,"CASA DO AUTO ELETRICO",
2309,000,"DIEGO ELIAS ANUNCIACAO 83825533034","CARTER FOTOGRAFIA"
2310,000,"VERBIND DO BRASIL LTDA","VERBIND DO BRASIL LTDA"
2311,000,"INTERNATIONAL INDUSTRIA AUTOMOTIVA DA AMERICA DO SUL LTDA","MWM GERADORES"
2312,000,"CARINDA","CARINDA"
2419,000,"SCHNEIDER ELECTRIC IT BRASIL INDÚSTRIA E COMÉRCIO DE EQUIPAM","SCHNEIDER ELECTRIC ITB"
2313,000,"TECNO-FLEX INDÚSTRIA E COMÉRCIO LTDA","TECNO-FLEX"
2336,000,"PLA MÁQUINAS PULVERIZADORAS E FERTILIZANTES S/A","PLA DO BRASIL"
2337,000,"HTC IND. COM. DE CONECTORES LTDA EPP","ITC CONECTORES"
2339,000,"JRG SATURNO COMERCIAL LTDA ME","JRG SATURNO COMERCIAL LTDA ME"
2338,000,"METALÚRGICA USIMETAL LTDA","METALÚRGICA USIMETAL LTDA"
2341,000,"RENAULT DO BRASIL S.A",
2362,000,"SUPERBOLHAS","SUPERBOLHAS"
2342,000,"ATRIO HOTÉIS S/A","IBIS CAXIAS DO SUL"
2343,000,"NOVA FONTE-COMERCIO DE INFORMATICA E INDUSTRIA LTDA","NOVA FONTE COMERCIO DE INFORMATICA E INDUSTRIA LTDA"
2345,000,"AMS COMPONENTES",
2315,000,"BASSO & SILVA - LOCACAO DE BENS MOVEIS LTDA","BASSO & SILVA - LOCACAO DE BENS MOVEIS LTDA"
2344,000,"EVOLUSOM COMERCIAL LTDA","EVOLUSOM"
2348,000,"SUPER BOLHAS",
2349,000,"DEKFUSE",
2316,000,"CENTERCORE COMERCIO DE PRODUTOS MEDICOS EIRELI","CENTERCORE"
2350,000,"SAFTTY ELETRONICS TECHNOLOGY",
2351,000,"NEXT SHOP INFORMATICA EIRELI","NEXT INFORMATICA"
2354,000,"MAIS VANTAGENS COMERCIO DE PRESENTES E PRODUTOS DE USO PESSO",
2352,000,"INTELLI","INTELLI"
2353,000,"COMERCIAL PIRA FITAS SÃO JUDAS TADEU EIRELI","PIRAFITAS"
2355,000,"MONKEY BUSINESS BR COMERCIO E IMPORTACAO EIRELI","MONKEY BUSINESS BR"
2356,000,"EXPANSOR COMERCIO DE ELETRONICOS EIRELI","EXPANSOR COMERCIO DE ELETRONICOS EIRELI"
2358,000,"RS PELLIN FERRAMENTARIA","RSCRIMP"
2357,000,"PRECIBOR",
2360,000,"GIOVENZANA DO BRASIL COMERCIO DE PRODUTOS ELETROMECANICOS LT",
2359,000,"RM COMERCIO DE MAQUINAS E FERRAMENTAS LTDA",
2361,000,"ACAO SERVICOS TERCEIRIZADOS LTDA","ACAO"
2363,000,"ALPLAN COMERCIO DE CORREIAS LTDA","ALPLAN COMERCIO DE CORREIAS LTDA"
2365,000,"FELIPE PIRES BUDIN",
2364,000,"SECRETARIA DO TESOURO NACIONAL","GRU"
2376,000,"AFT QUIMICA","FT QUIMICA"
2379,000,"UNIDÃO TRANSPORTES E LOGÍSTICA LTDA.","UNIDÃO TRANSPORTES E LOGÍSTICA LTDA."
2380,000,"GCABE ELECTRIC CONDUCTORS CABOS ESPECIAIS LTDA","NEWCOM CABOS E CONDUTORES ELETRICOS LTDA (COFIBAM)"
2381,000,"GTS DO BRASIL LTDA","GTS DO BRASIL (MATRIZ)"
2382,000,"GTS DO BRASIL LTDA","GTS DO BRASIL - (UNIDADE II)"
2377,000,"CARGA MAXIMA TRANSPORTES LTDA.",
2378,000,"ASTRO DISTRIBUIDORA EIRELI","ASTRO"
2366,000,"FRIGELAR COMERCIO E INDUSTRIA LTDA","FRIGELAR COMERCIO E INDUSTRIA LTDA"
2367,000,"CINTIA DE ALMEIDA IZOLAN DA ROSA","ESCRITEL"
2368,000,"LEANDRO ROISENBERG","LR INFORMATICA E REPRESENTACOES"
2369,000,"ZETEC COMERCIO ELETRONICO EIRELI",
2327,000,"GABRIEL DA SILVA BRASIL 01366900090","ART STAMP"
2329,000,"PAK HUNG ENTERPRISES LTD.","PAK HUNG ENTERPRISES LTD."
2330,000,"STE MANUTENCAO EM IMPRESSORAS LTDA","STELMACH IMPRESSORAS"
2331,000,"ALEXANDRE DE ANDRADE JUNIOR","BUILTRADE"
2383,000,"KAT MEKATRONIK","KAT MEKATRONIK"
2384,000,"BTS INFORMA FEIRAS EVENTOS E EDITORA LTDA","BTS INFORMA FEIRAS EVENTOS E EDITORA LTDA"
2370,000,"ASSOCIACAO COMERCIAL, INDUSTRIAL E DE SERVICOS DE GUAIBA",
2371,000,"DICA COMERCIO E REPRESENTACAO DE MATERIAIS PROMOCIONAIS LTDA",
2372,000,"123 COMPROU MATRIZ",""
2373,000,"JOAO DOS SANTOS LESSA NETO 01619103001","JOAO LESSA DESIGN GRAFICO"
2374,000,"DESPACHANTE BETH & ELAINE LTDA",
2375,000,"JCB DO BRASIL LTDA","JCB DO BRASIL"
2385,000,"FRANCISCO EDUARDO  ENGROFF QUINTILIANO",
2386,000,"UNITY BRINDES LTDA-ME","UNITY BRINDES"
2387,000,"L&L LOCAÇÕES E EVENTOS","ELANO TENDAS E COBERTURAS"
2388,000,"SAINT-GOBAIN DO BRASIL PRODUTOS INDUSTRIAIS E P/ CONSTRUÇÃO","SAINT-GOBAIN"
2389,000,"MOLD PLAST INDÚSTRIA E COMÉRCIO DE PLÁSTICO E MOLDES LTDA.","MOLDTECH"
2390,000,"LTM INDÚSTRIA E COMÉRCIO DE CHICOTES ELÉTRICOS LTDA","LTM"
2391,000,"M R CARGAS E ENCOMENDAS LTDA","VÉSPER CARGAS EXPRESSAS"
2392,000,"COMERCIAL DE PEÇAS E FERROS WW LTDA","COMERCIAL DE PEÇAS E FERROS WW LTDA"
2393,000,"CUTELARIA D'AVILA INDUSTRIA E COMERCIO LTDA","CUTELARIA D'AVILA"
2397,000,"CLAUDIA VIEIRA FERREIRA - ME","CLAUDIA VIEIRA FERREIRA - ME"
2399,000,"SCHNEIDER ELECTRIC AUSTRALIA PTY LTD","SCHNEIDER ELECTRIC AUSTRALIA PTY LTD"
2398,000,"BRASPRESS TRANSPORTES URGENTES LTDA","BRASPRESS"
2400,000,"DUN & BRADSTREET DO BRASIL LTDA",
2394,000,"CAPPELLETTI COM. E LOC. DE FERRAMENTAS","GOL FERRAMENTAS"
2404,000,"THIAGO COLOMBO DA SILVA 01815682094","TC SOLUCOES EM GESSO E DIVISORIAS"
2405,000,"TTINC","TTINC"
2395,000,"SULMODULOS DISTRIBUIDORA DE SISTEMAS CONSTRUTIVOS LTDA","SULMODULOS"
2401,000,"ARTE & DESIGN COMUNICACAO VIRTUAL LTDA","CLUBE DE MÍDIA"
2402,000,"TECNOPAR TECNOLOGIA EM AUTOMACOES LTDA","PRO4CE"
2403,000,"GAVETEIRO COMÉRCIO, IMPORTAÇÃO E EXPORTAÇÃO LTDA",
2406,000,"GIOVENZANA DO BRASIL COMERCIO DE PRODUTOS ELETROMECANICOS LT","GIOVENZANA DO BRASIL"
2407,000,"IVAN PIRES SCHNITZER 76457958087",
2408,000,"ALFATRONIC AUTOMACAO LTDA.","ALFATRONIC AUTOMACAO"
2409,000,"MERCADOPAGO.COM REPRESENTAÇÕES LTDA",
2410,000,"EATON ELECTRICAL","EATON ELECTRICAL"
2414,000,"TOKIO MARINE SEGURADORA S.A.","TOKIO MARINE SEGURADORA S.A."
2411,000,"NWT COMERCIAL E IMPORTADORA LTDA","LITTEL FUSE"
2412,000,"REYMASTER MATERIAIS ELÉTRICOS","REYMASTER"
2417,000,"GABRIEL LUMERTZ DA SILVA",
2413,000,"NWT COMERCIAL E IMPORTADORA LTDA",
2420,000,"RAFIZA ELETRICA INDUSTRIAL LTDA",
2418,000,"BELLATRIX COMPONENTES ELETRO-ELETRÔNICOS LTDA - ME",
2421,000,"HAYAMAX DISTRIBUIDORA DE PRODUTOS ELETRONICOS LTDA","MUNDOMAX"
2422,000,"SORETTO",
2415,000,"ELEVITTÁ ELEVADORES","ELEVITTÁ ELEVADORES"
2416,000,"BIOCLEAN-COMERCIO E INDUSTRIA DE PRODUTOS DE LIMPEZA LTDA","ECOLAV"
2424,000,"BRINGER DO BRASIL AG. DE CARGAS","BRIX"
2425,000,"SIMILAR TECNOLOGIA E AUTOMAÇÃO",
2426,000,"SIMILAR TECNOLOGIA E AUTOMACAO LTDA","SIMILAR"
